"Date","Variety","Count","Container","Price","Value","Quantity"
2014-10-30,"DELTA SEEDLESS","Cl1 72","15KG CARTON TELESCOPIC",72,14688,204
2014-10-30,"DELTA SEEDLESS","Cl1 88","15KG CARTON TELESCOPIC",70,16800,240
2014-10-30,"MIDKNIGHT","Cl1 72","15KG CARTON TELESCOPIC",72,32667,453
2014-10-30,"MIDKNIGHT","Cl1 88","15KG CARTON TELESCOPIC",70,5816,83
2014-10-30,"VALENCIA","Cl1 40-48","15KG CARTON TELESCOPIC",80,1920,24
2014-10-30,"VALENCIA","Cl1 56-60","15KG CARTON TELESCOPIC",79,13035,165
2014-10-30,"VALENCIA","Cl1 64","15KG CARTON TELESCOPIC",78,41175,525
2014-10-30,"VALENCIA","Cl1 72","15KG CARTON TELESCOPIC",80,19460,244
2014-10-30,"VALENCIA","Cl1 88","15KG CARTON TELESCOPIC",75,300,4
2014-10-30,"VALENCIA","Cl1 M/L","7KG POCKET",15,713,49
2014-11-06,"NAVEL","Cl1 40-48","15KG CARTON OPEN TOP",85,340,4
2014-11-06,"NAVEL","Cl1 40-48","15KG CARTON TELESCOPIC",90,1170,13
2014-11-06,"NAVEL","Cl1 64","15KG CARTON TELESCOPIC",86,9000,105
2014-11-06,"MIDKNIGHT","Cl1 88","15KG CARTON TELESCOPIC",72,432,6
2014-11-06,"VALENCIA","Cl1 40-48","15KG CARTON TELESCOPIC",80,1040,13
2014-11-06,"VALENCIA","Cl1 56-60","15KG CARTON OPEN TOP",78,44810,576
2014-11-06,"VALENCIA","Cl1 56-60","15KG CARTON TELESCOPIC",80,20000,250
2014-11-06,"VALENCIA","Cl1 64","15KG CARTON TELESCOPIC",80,2240,28
2014-11-06,"VALENCIA","Cl1 88","15KG CARTON TELESCOPIC",77,230,3
2014-11-10,"NAVEL","Cl1 40-48","15KG CARTON OPEN TOP",90,90,1
2014-11-10,"NAVEL","Cl1 40-48","15KG CARTON TELESCOPIC",90,180,2
2014-11-10,"NAVEL","Cl1 56-60","15KG CARTON TELESCOPIC",85,850,10
2014-11-10,"MIDKNIGHT","Cl1 72","15KG CARTON TELESCOPIC",77,995,13
2014-11-10,"MIDKNIGHT","Cl1 88","15KG CARTON TELESCOPIC",60,720,12
2014-11-10,"MIDKNIGHT","Cl1 M/L","6KG POCKET",20,2946,146
2014-11-10,"VALENCIA","Cl1 40-48","15KG CARTON TELESCOPIC",85,170,2
2014-11-10,"VALENCIA","Cl1 56-60","15KG CARTON OPEN TOP",85,8435,99
2014-11-10,"VALENCIA","Cl1 56-60","15KG CARTON TELESCOPIC",73,2700,37
2014-11-10,"VALENCIA","Cl1 64","15KG CARTON TELESCOPIC",80,6640,83
2014-11-10,"VALENCIA","Cl1 72","15KG CARTON TELESCOPIC",80,12800,160
2014-11-10,"VALENCIA","Cl1 88","15KG CARTON TELESCOPIC",80,6480,81
2014-11-10,"VALENCIA","Cl1 M/L","2KG POCKET",2,1320,660
2014-11-12,"NAVEL","Cl1 40-48","15KG CARTON TELESCOPIC",83,2421,29
2014-11-12,"NAVEL","Cl1 56-60","15KG CARTON TELESCOPIC",84,29058,346
2014-11-12,"NAVEL","Cl1 64","15KG CARTON TELESCOPIC",83,13280,160
2014-11-12,"DELTA SEEDLESS","Cl1 88","15KG CARTON TELESCOPIC",75,150,2
2014-11-12,"MIDKNIGHT","Cl1 64","15KG CARTON TELESCOPIC",81,2195,27
2014-11-12,"VALENCIA","Cl1 40-48","15KG CARTON TELESCOPIC",81,21430,266
2014-11-12,"VALENCIA","Cl1 56-60","15KG CARTON OPEN TOP",85,6995,82
2014-11-12,"VALENCIA","Cl1 56-60","15KG CARTON TELESCOPIC",80,11520,144
2014-11-12,"VALENCIA","Cl1 64","15KG CARTON TELESCOPIC",80,11200,140
2014-11-12,"VALENCIA","Cl1 72","15KG CARTON TELESCOPIC",80,46400,580
2014-11-12,"VALENCIA","Cl1 88","15KG CARTON TELESCOPIC",80,17025,213
2014-11-13,"NAVEL","Cl1 40-48","15KG CARTON OPEN TOP",90,180,2
2014-11-13,"NAVEL","Cl1 40-48","15KG CARTON TELESCOPIC",86,1210,14
2014-11-13,"NAVEL","Cl1 56-60","15KG CARTON TELESCOPIC",84,7985,95
2014-11-13,"MIDKNIGHT","Cl1 64","15KG CARTON TELESCOPIC",82,820,10
2014-11-13,"VALENCIA","Cl1 40-48","15KG CARTON TELESCOPIC",81,3545,44
2014-11-13,"VALENCIA","Cl1 56-60","15KG CARTON OPEN TOP",85,7930,93
2014-11-13,"VALENCIA","Cl1 88","15KG CARTON TELESCOPIC",73,83850,1146
2014-11-13,"VALENCIA","Cl1 S/XS","3KG POCKET",5,40,8
2014-11-14,"NAVEL","Cl1 40-48","15KG CARTON OPEN TOP",84,3785,45
2014-11-14,"NAVEL","Cl1 40-48","15KG CARTON TELESCOPIC",85,1795,21
2014-11-14,"NAVEL","Cl1 56-60","15KG CARTON TELESCOPIC",90,90,1
2014-11-14,"DELTA SEEDLESS","Cl1 88","15KG CARTON TELESCOPIC",72,5910,82
2014-11-14,"MIDKNIGHT","Cl1 64","15KG CARTON TELESCOPIC",80,2250,28
2014-11-14,"MIDKNIGHT","Cl1 M/L","6KG POCKET",4,256,64
2014-11-14,"VALENCIA","Cl1 40-48","15KG CARTON TELESCOPIC",78,9150,117
2014-11-14,"VALENCIA","Cl1 56-60","15KG CARTON OPEN TOP",73,69560,956
2014-11-14,"VALENCIA","Cl1 56-60","15KG CARTON TELESCOPIC",80,1200,15
2014-11-14,"VALENCIA","Cl1 64","15KG CARTON TELESCOPIC",80,6400,80
2014-11-14,"VALENCIA","Cl1 88","15KG CARTON TELESCOPIC",73,35190,482
2014-11-17,"NAVEL","Cl1 40-48","15KG CARTON TELESCOPIC",85,1020,12
2014-11-17,"NAVEL","Cl1 56-60","15KG CARTON TELESCOPIC",85,1445,17
2014-11-17,"DELTA SEEDLESS","Cl1 88","15KG CARTON TELESCOPIC",75,23250,310
2014-11-17,"MIDKNIGHT","Cl1 56-60","15KG CARTON TELESCOPIC",80,5990,75
2014-11-17,"MIDKNIGHT","Cl1 72","15KG CARTON TELESCOPIC",78,5570,71
2014-11-17,"VALENCIA","Cl1 40-48","15KG CARTON TELESCOPIC",56,8200,146
2014-11-17,"VALENCIA","Cl1 56-60","15KG CARTON TELESCOPIC",80,5600,70
2014-11-17,"VALENCIA","Cl1 64","15KG CARTON TELESCOPIC",80,4160,52
2014-11-17,"VALENCIA","Cl1 72","15KG CARTON TELESCOPIC",80,6400,80
2014-11-17,"VALENCIA","Cl1 88","15KG CARTON TELESCOPIC",75,825,11
2014-11-19,"NAVEL","Cl1 40-48","15KG CARTON TELESCOPIC",84,13440,160
2014-11-19,"DELTA SEEDLESS","Cl1 64","15KG CARTON TELESCOPIC",85,85,1
2014-11-19,"VALENCIA","Cl1 40-48","15KG CARTON TELESCOPIC",80,4620,58
2014-11-19,"VALENCIA","Cl1 56-60","15KG CARTON TELESCOPIC",80,7120,89
2014-11-19,"VALENCIA","Cl1 64","15KG CARTON TELESCOPIC",80,13600,170
2014-11-19,"VALENCIA","Cl1 72","15KG CARTON TELESCOPIC",90,14400,160
2014-11-19,"VALENCIA","Cl1 88","15KG CARTON TELESCOPIC",75,15075,201
2014-11-24,"MIDKNIGHT","Cl1 40-48","15KG CARTON TELESCOPIC",100,500,5
2014-11-24,"MIDKNIGHT","Cl1 64","15KG CARTON TELESCOPIC",100,6600,66
2014-11-24,"MIDKNIGHT","Cl1 72","15KG CARTON TELESCOPIC",95,4465,47
2014-11-24,"VALENCIA","Cl1 40-48","15KG CARTON TELESCOPIC",78,2560,33
2014-11-24,"VALENCIA","Cl1 56-60","15KG CARTON OPEN TOP",70,18340,262
2014-11-24,"VALENCIA","Cl1 56-60","15KG CARTON TELESCOPIC",72,5105,71
2014-11-24,"VALENCIA","Cl1 72","15KG CARTON TELESCOPIC",87,7180,83
2014-11-24,"VALENCIA","Cl1 88","15KG CARTON TELESCOPIC",87,780,9
2014-11-25,"MIDKNIGHT","Cl1 40-48","15KG CARTON TELESCOPIC",100,3100,31
2014-11-25,"MIDKNIGHT","Cl1 64","15KG CARTON TELESCOPIC",100,8400,84
2014-11-25,"MIDKNIGHT","Cl1 72","15KG CARTON TELESCOPIC",95,6945,73
2014-11-25,"MIDKNIGHT","Cl1 88","15KG CARTON TELESCOPIC",85,2475,29
2014-11-25,"VALENCIA","Cl1 40-48","15KG CARTON TELESCOPIC",80,320,4
2014-11-25,"VALENCIA","Cl1 56-60","15KG CARTON TELESCOPIC",90,1530,17
2014-11-25,"VALENCIA","Cl1 64","15KG CARTON TELESCOPIC",88,27220,310
2014-11-25,"VALENCIA","Cl1 72","15KG CARTON TELESCOPIC",80,16460,205
2014-11-25,"VALENCIA","Cl1 88","15KG CARTON TELESCOPIC",81,63625,784
2014-11-26,"MIDKNIGHT","Cl1 72","15KG CARTON TELESCOPIC",95,5120,54
2014-11-26,"MIDKNIGHT","Cl1 88","15KG CARTON TELESCOPIC",85,4335,51
2014-11-26,"VALENCIA","Cl1 56-60","15KG CARTON OPEN TOP",60,15480,258
2014-11-26,"VALENCIA","Cl1 56-60","15KG CARTON TELESCOPIC",90,450,5
2014-11-26,"VALENCIA","Cl1 64","15KG CARTON TELESCOPIC",90,6300,70
2014-11-26,"VALENCIA","Cl1 72","15KG CARTON TELESCOPIC",90,11340,126
2014-11-26,"VALENCIA","Cl1 88","15KG CARTON TELESCOPIC",80,6400,80
2014-12-01,"VALENCIA","Cl1 56-60","15KG CARTON TELESCOPIC",89,2130,24
2014-12-01,"VALENCIA","Cl1 64","15KG CARTON TELESCOPIC",85,6895,81
2014-12-01,"VALENCIA","Cl1 72","15KG CARTON TELESCOPIC",80,32160,402
2014-12-01,"VALENCIA","Cl1 88","15KG CARTON TELESCOPIC",84,4610,55
2014-12-02,"NAVEL","Cl1 56-60","15KG CARTON OPEN TOP",93,745,8
2014-12-02,"MIDKNIGHT","Cl1 40-48","15KG CARTON TELESCOPIC",90,1260,14
2014-12-02,"MIDKNIGHT","Cl1 64","15KG CARTON TELESCOPIC",90,6300,70
2014-12-02,"MIDKNIGHT","Cl1 72","15KG CARTON TELESCOPIC",100,7000,70
2014-12-02,"MIDKNIGHT","Cl1 88","15KG CARTON TELESCOPIC",70,4900,70
2014-12-02,"VALENCIA","Cl1 56-60","15KG CARTON TELESCOPIC",90,4770,53
2014-12-02,"VALENCIA","Cl1 88","15KG CARTON TELESCOPIC",77,81050,1048
2014-12-03,"NAVEL","Cl1 56-60","15KG CARTON OPEN TOP",85,37180,436
2014-12-03,"MIDKNIGHT","Cl1 40-48","15KG CARTON TELESCOPIC",90,990,11
2014-12-03,"MIDKNIGHT","Cl1 56-60","15KG CARTON TELESCOPIC",90,7650,85
2014-12-03,"MIDKNIGHT","Cl1 64","15KG CARTON TELESCOPIC",90,6300,70
2014-12-03,"MIDKNIGHT","Cl1 72","15KG CARTON TELESCOPIC",92,8000,87
2014-12-03,"MIDKNIGHT","Cl1 88","15KG CARTON TELESCOPIC",90,6300,70
2014-12-03,"VALENCIA","Cl1 40-48","15KG CARTON TELESCOPIC",80,5600,70
2014-12-03,"VALENCIA","Cl1 56-60","15KG CARTON OPEN TOP",70,3850,55
2014-12-03,"VALENCIA","Cl1 56-60","15KG CARTON TELESCOPIC",87,10865,125
2014-12-03,"VALENCIA","Cl1 64","15KG CARTON TELESCOPIC",90,35730,397
2014-12-03,"VALENCIA","Cl1 72","15KG CARTON TELESCOPIC",87,4155,48
2014-12-03,"VALENCIA","Cl1 88","15KG CARTON TELESCOPIC",84,4210,50
2014-12-03,"VALENCIA","Cl1 M/L","2KG POCKET",6,2700,450
2014-12-06,"NAVEL","Cl1 56-60","15KG CARTON OPEN TOP",87,4980,57
2014-12-06,"NAVEL","Cl1 56-60","15KG CARTON TELESCOPIC",90,2700,30
2014-12-06,"CARA CARA","Cl1 56-60","15KG CARTON TELESCOPIC",90,2700,30
2014-12-06,"MIDKNIGHT","Cl1 40-48","15KG CARTON TELESCOPIC",93,2775,30
2014-12-06,"MIDKNIGHT","Cl1 56-60","15KG CARTON TELESCOPIC",90,2700,30
2014-12-06,"MIDKNIGHT","Cl1 64","15KG CARTON TELESCOPIC",90,3510,39
2014-12-06,"VALENCIA","Cl1 40-48","15KG CARTON TELESCOPIC",90,900,10
2014-12-06,"VALENCIA","Cl1 56-60","15KG CARTON TELESCOPIC",90,995,11
2014-12-06,"VALENCIA","Cl1 64","15KG CARTON TELESCOPIC",90,1800,20
2014-12-06,"VALENCIA","Cl1 72","15KG CARTON TELESCOPIC",84,43130,516
2014-12-06,"VALENCIA","Cl1 88","15KG CARTON TELESCOPIC",77,24365,317
2014-12-09,"NAVEL","Cl1 56-60","15KG CARTON OPEN TOP",90,90,1
2014-12-09,"NAVEL","Cl1 56-60","15KG CARTON TELESCOPIC",90,3870,43
2014-12-09,"CARA CARA","Cl1 56-60","15KG CARTON TELESCOPIC",90,3870,43
2014-12-09,"MIDKNIGHT","Cl1 40-48","15KG CARTON TELESCOPIC",100,1000,10
2014-12-09,"MIDKNIGHT","Cl1 56-60","15KG CARTON TELESCOPIC",90,4500,50
2014-12-09,"MIDKNIGHT","Cl1 64","15KG CARTON TELESCOPIC",90,90,1
2014-12-09,"MIDKNIGHT","Cl1 72","15KG CARTON TELESCOPIC",91,1450,16
2014-12-09,"VALENCIA","Cl1 40-48","15KG CARTON TELESCOPIC",90,7200,80
2014-12-09,"VALENCIA","Cl1 56-60","15KG CARTON TELESCOPIC",90,16650,185
2014-12-09,"VALENCIA","Cl1 72","15KG CARTON TELESCOPIC",90,1080,12
2014-12-09,"VALENCIA","Cl1 88","15KG CARTON TELESCOPIC",80,11285,141
2014-12-09,"VALENCIA","Cl1 M/L","2KG POCKET",6,1850,310
2014-12-10,"NAVEL","Cl1 M/L","1.5KG POCKET",80,5120,64
2014-12-10,"DELTA SEEDLESS","Cl1 64","15KG CARTON TELESCOPIC",90,90,1
2014-12-10,"MIDKNIGHT","Cl1 40-48","15KG CARTON TELESCOPIC",90,25470,283
2014-12-10,"MIDKNIGHT","Cl1 56-60","15KG CARTON TELESCOPIC",90,6210,69
2014-12-10,"MIDKNIGHT","Cl1 64","15KG CARTON TELESCOPIC",90,11160,124
2014-12-10,"MIDKNIGHT","Cl1 72","15KG CARTON TELESCOPIC",89,2050,23
2014-12-10,"VALENCIA","Cl1 40-48","15KG CARTON TELESCOPIC",92,13850,150
2014-12-10,"VALENCIA","Cl1 56-60","15KG CARTON TELESCOPIC",95,190,2
2014-12-10,"VALENCIA","Cl1 64","15KG CARTON TELESCOPIC",90,14400,160
2014-12-10,"VALENCIA","Cl1 72","15KG CARTON TELESCOPIC",86,1380,16
2014-12-10,"VALENCIA","Cl1 88","15KG CARTON TELESCOPIC",77,98838,1289
2014-12-10,"VALENCIA","Cl1 M/L","2KG POCKET",11,2040,180
2014-12-11,"NAVEL","Cl1 M/L","1.5KG POCKET",80,5120,64
2014-12-11,"DELTA SEEDLESS","Cl1 64","15KG CARTON TELESCOPIC",90,90,1
2014-12-11,"MIDKNIGHT","Cl1 40-48","15KG CARTON TELESCOPIC",90,25470,283
2014-12-11,"MIDKNIGHT","Cl1 56-60","15KG CARTON TELESCOPIC",90,6210,69
2014-12-11,"MIDKNIGHT","Cl1 64","15KG CARTON TELESCOPIC",90,11160,124
2014-12-11,"MIDKNIGHT","Cl1 72","15KG CARTON TELESCOPIC",89,2050,23
2014-12-11,"VALENCIA","Cl1 40-48","15KG CARTON TELESCOPIC",92,13850,150
2014-12-11,"VALENCIA","Cl1 56-60","15KG CARTON TELESCOPIC",95,190,2
2014-12-11,"VALENCIA","Cl1 64","15KG CARTON TELESCOPIC",90,14400,160
2014-12-11,"VALENCIA","Cl1 72","15KG CARTON TELESCOPIC",86,1380,16
2014-12-11,"VALENCIA","Cl1 88","15KG CARTON TELESCOPIC",77,98838,1289
2014-12-11,"VALENCIA","Cl1 M/L","2KG POCKET",11,2040,180
2014-12-13,"MIDKNIGHT","Cl1 40-48","15KG CARTON TELESCOPIC",90,1800,20
2014-12-13,"MIDKNIGHT","Cl1 64","15KG CARTON TELESCOPIC",90,270,3
2014-12-13,"MIDKNIGHT","Cl1 72","15KG CARTON TELESCOPIC",91,1180,13
2014-12-13,"MIDKNIGHT","Cl1 88","15KG CARTON TELESCOPIC",75,225,3
2014-12-13,"VALENCIA","Cl1 72","15KG CARTON TELESCOPIC",92,16640,181
2014-12-13,"VALENCIA","Cl1 88","15KG CARTON TELESCOPIC",85,16810,197
2014-12-13,"VALENCIA","Cl1 M/L","2KG POCKET",6,1510,272
2014-12-20,"MIDKNIGHT","Cl1 40-48","15KG CARTON TELESCOPIC",73,1100,15
2014-12-20,"MIDKNIGHT","Cl1 56-60","15KG CARTON TELESCOPIC",91,1730,19
2014-12-20,"MIDKNIGHT","Cl1 64","15KG CARTON TELESCOPIC",60,1450,24
2014-12-20,"MIDKNIGHT","Cl1 88","15KG CARTON TELESCOPIC",100,300,3
2014-12-20,"VALENCIA","Cl1 40-48","15KG CARTON TELESCOPIC",110,440,4
2014-12-20,"VALENCIA","Cl1 72","15KG CARTON TELESCOPIC",94,1880,20
2014-12-20,"VALENCIA","Cl1 88","15KG CARTON TELESCOPIC",78,29580,379
2014-12-20,"VALENCIA","Cl1 M/L","2KG POCKET",11,4496,408
2014-12-24,"MIDKNIGHT","Cl1 40-48","15KG CARTON TELESCOPIC",40,80,2
2014-12-24,"MIDKNIGHT","Cl1 88","15KG CARTON TELESCOPIC",60,660,11
2014-12-24,"VALENCIA","Cl1 40-48","15KG CARTON TELESCOPIC",50,4150,83
2014-12-24,"VALENCIA","Cl1 56-60","15KG CARTON TELESCOPIC",100,7300,73
2014-12-24,"VALENCIA","Cl1 88","15KG CARTON TELESCOPIC",90,13140,146
2014-12-24,"VALENCIA","Cl1 M/L","2KG POCKET",10,5200,520
2014-12-30,"NAVEL","Cl1 M/L","1.5KG POCKET",70,1960,28
2014-12-30,"MIDKNIGHT","Cl1 88","15KG CARTON TELESCOPIC",86,6050,70
2014-12-30,"VALENCIA","Cl1 40-48","15KG CARTON TELESCOPIC",114,1030,9
2014-12-30,"VALENCIA","Cl1 64","15KG CARTON TELESCOPIC",90,12600,140
2014-12-30,"VALENCIA","Cl1 88","15KG CARTON TELESCOPIC",76,29830,392
2015-01-05,"MIDKNIGHT","Cl1 88","15KG CARTON TELESCOPIC",90,2700,30
2015-01-05,"VALENCIA","Cl1 64","15KG CARTON TELESCOPIC",110,770,7
2015-01-05,"VALENCIA","Cl1 72","15KG CARTON TELESCOPIC",95,18000,190
2015-01-05,"VALENCIA","Cl1 88","15KG CARTON TELESCOPIC",80,25600,320
2015-01-07,"MIDKNIGHT","Cl1 88","15KG CARTON TELESCOPIC",86,67770,791
2015-01-07,"VALENCIA","Cl1 40-48","15KG CARTON TELESCOPIC",90,28800,320
2015-01-07,"VALENCIA","Cl1 56-60","15KG CARTON TELESCOPIC",90,7200,80
2015-01-07,"VALENCIA","Cl1 64","15KG CARTON TELESCOPIC",90,22280,247
2015-01-07,"VALENCIA","Cl1 72","15KG CARTON TELESCOPIC",112,670,6
2015-01-07,"VALENCIA","Cl1 88","15KG CARTON TELESCOPIC",44,17850,410
2015-01-08,"MIDKNIGHT","Cl1 88","15KG CARTON TELESCOPIC",90,22800,253
2015-01-08,"VALENCIA","Cl1 40-48","15KG CARTON TELESCOPIC",110,2200,20
2015-01-08,"VALENCIA","Cl1 56-60","15KG CARTON TELESCOPIC",118,12300,104
2015-01-08,"VALENCIA","Cl1 64","15KG CARTON TELESCOPIC",115,19300,168
2015-01-08,"VALENCIA","Cl1 72","15KG CARTON TELESCOPIC",80,12800,160
2015-01-08,"VALENCIA","Cl1 88","15KG CARTON TELESCOPIC",100,32440,324
2015-01-13,"NAVEL","Cl1 M/L","1.5KG POCKET",40,120,3
2015-01-13,"VALENCIA","Cl1 40-48","15KG CARTON TELESCOPIC",110,6160,56
2015-01-13,"VALENCIA","Cl1 56-60","15KG CARTON TELESCOPIC",110,5390,49
2015-01-13,"VALENCIA","Cl1 64","15KG CARTON TELESCOPIC",107,6620,62
2015-01-13,"VALENCIA","Cl1 72","15KG CARTON TELESCOPIC",95,33310,350
2015-01-13,"VALENCIA","Cl1 88","15KG CARTON TELESCOPIC",103,12315,119
2015-01-14,"MIDKNIGHT","Cl1 88","15KG CARTON TELESCOPIC",20,1020,51
2015-01-14,"VALENCIA","Cl1 56-60","15KG CARTON TELESCOPIC",50,10500,210
2015-01-14,"VALENCIA","Cl1 64","15KG CARTON TELESCOPIC",80,400,5
2015-01-14,"VALENCIA","Cl1 72","15KG CARTON TELESCOPIC",50,4000,80
2015-01-14,"VALENCIA","Cl1 88","15KG CARTON TELESCOPIC",50,8000,160
2015-01-17,"VALENCIA","Cl1 56-60","15KG CARTON OPEN TOP",50,9750,195
2015-01-17,"VALENCIA","Cl1 64","15KG CARTON TELESCOPIC",40,9680,241
2015-01-17,"VALENCIA","Cl1 72","15KG CARTON TELESCOPIC",42,13040,309
2015-01-17,"VALENCIA","Cl1 88","15KG CARTON TELESCOPIC",40,24120,603
2015-01-23,"VALENCIA","Cl1 56-60","15KG CARTON OPEN TOP",40,5400,135
2015-01-23,"VALENCIA","Cl1 72","15KG CARTON TELESCOPIC",110,8140,74
2015-01-23,"VALENCIA","Cl1 88","15KG CARTON TELESCOPIC",30,24000,800
2015-01-26,"VALENCIA","Cl1 40-48","15KG CARTON TELESCOPIC",50,2550,51
2015-01-26,"VALENCIA","Cl1 88","15KG CARTON TELESCOPIC",110,23650,215
2015-02-03,"NAVEL","Cl1 M/L","6KG POCKET",32,60497,1919
2015-02-03,"VALENCIA","Cl1 40-48","15KG CARTON TELESCOPIC",180,360,2
2015-02-03,"VALENCIA","Cl1 64","15KG CARTON TELESCOPIC",120,29070,242
2015-02-03,"VALENCIA","Cl1 72","15KG CARTON TELESCOPIC",120,18960,158
2015-02-07,"NAVEL","Cl1 M/L","6KG POCKET",24,1395,58
2015-02-07,"VALENCIA","Cl1 40-48","15KG CARTON TELESCOPIC",120,9600,80
2015-02-07,"VALENCIA","Cl1 56-60","15KG CARTON TELESCOPIC",120,3600,30
2015-02-07,"VALENCIA","Cl1 64","15KG CARTON TELESCOPIC",121,44725,371
2015-02-07,"VALENCIA","Cl1 72","15KG CARTON OPEN TOP",25,575,23
2015-02-07,"VALENCIA","Cl1 72","15KG CARTON TELESCOPIC",133,3720,28
2015-02-10,"NAVEL","Cl1 72","15KG CARTON OPEN TOP",101,19880,196
2015-02-10,"NAVEL","Cl1 M/L","6KG POCKET",25,525,21
2015-02-10,"VALENCIA","Cl1 56-60","15KG CARTON TELESCOPIC",140,22400,160
2015-02-10,"VALENCIA","Cl1 64","15KG CARTON TELESCOPIC",139,2920,21
2015-02-10,"VALENCIA","Cl1 72","15KG CARTON TELESCOPIC",130,10760,83
2015-02-10,"VALENCIA","Cl1 88","15KG CARTON TELESCOPIC",120,105240,877
2015-02-10,"VALENCIA","Cl1 S/XS","2KG POCKET",25,50,2
2015-02-12,"NAVEL","Cl1 72","15KG CARTON OPEN TOP",39,670,17
2015-02-12,"NAVEL","Cl1 M/L","6KG POCKET",20,60,3
2015-02-12,"VALENCIA","Cl1 56-60","15KG CARTON TELESCOPIC",160,28960,181
2015-02-12,"VALENCIA","Cl1 72","15KG CARTON TELESCOPIC",160,1920,12
2015-02-12,"VALENCIA","Cl1 M/L","3KG POCKET",20,20,1
2015-02-12,"VALENCIA","Cl1 S/XS","2KG POCKET",16,911,58
2015-02-13,"VALENCIA","Cl1 56-60","15KG CARTON TELESCOPIC",137,8200,60
2015-02-13,"VALENCIA","Cl1 64","15KG CARTON TELESCOPIC",121,10900,90
2015-02-13,"VALENCIA","Cl1 72","15KG CARTON TELESCOPIC",120,28800,240
2015-02-13,"VALENCIA","Cl1 88","15KG CARTON TELESCOPIC",120,19200,160
2015-02-13,"VALENCIA","Cl1 M/L","10KG CARTON TELESCOPIC",60,120,2
2015-02-13,"VALENCIA","Cl1 M/L","3KG POCKET",16,492,31
2015-02-16,"NAVEL","Cl1 72","15KG CARTON OPEN TOP",90,68760,764
2015-02-16,"NAVEL","Cl1 M/L","6KG POCKET",33,24372,730
2015-02-16,"VALENCIA","Cl1 56-60","15KG CARTON TELESCOPIC",150,300,2
2015-02-16,"VALENCIA","Cl1 88","15KG CARTON TELESCOPIC",160,4960,31
2015-02-19,"NAVEL","Cl1 72","15KG CARTON OPEN TOP",100,76460,762
2015-02-19,"NAVEL","Cl1 M/L","6KG POCKET",34,544,16
2015-02-19,"VALENCIA","Cl1 64","15KG CARTON TELESCOPIC",121,5810,48
2015-02-19,"VALENCIA","Cl1 72","15KG CARTON TELESCOPIC",134,2550,19
2015-02-19,"VALENCIA","Cl1 88","15KG CARTON TELESCOPIC",151,42110,279
2015-02-21,"NAVEL","Cl1 72","15KG CARTON OPEN TOP",100,900,9
2015-02-21,"VALENCIA","Cl1 40-48","15KG CARTON TELESCOPIC",120,30720,256
2015-02-21,"VALENCIA","Cl1 56-60","15KG CARTON TELESCOPIC",120,38520,321
2015-02-21,"VALENCIA","Cl1 64","15KG CARTON TELESCOPIC",120,4560,38
2015-02-21,"VALENCIA","Cl1 72","15KG CARTON TELESCOPIC",120,3120,26
2015-02-21,"VALENCIA","Cl1 88","15KG CARTON TELESCOPIC",150,9900,66
2015-03-02,"VALENCIA","Cl1 40-48","15KG CARTON TELESCOPIC",140,22400,160
2015-03-02,"VALENCIA","Cl1 56-60","15KG CARTON TELESCOPIC",140,11200,80
2015-03-02,"VALENCIA","Cl1 64","15KG CARTON TELESCOPIC",140,11200,80
2015-03-02,"VALENCIA","Cl1 88","15KG CARTON TELESCOPIC",140,1540,11
2015-03-11,"NAVEL","Cl1 M/L","6KG POCKET",32,1022,32
2015-03-11,"NAVEL","Cl1 S/XS","6KG POCKET",30,240,8
2015-03-13,"NAVEL","Cl1 M/L","6KG POCKET",30,3960,132
2015-03-13,"NAVEL","Cl1 M/L","7KG POCKET",31,18816,611
2015-03-13,"NAVEL","Cl1 S/XS","6KG POCKET",25,5520,224
2015-03-13,"VALENCIA","Cl1 56-60","15KG CARTON TELESCOPIC",160,12800,80
2015-03-13,"VALENCIA","Cl1 64","15KG CARTON TELESCOPIC",147,13690,93
2015-03-13,"VALENCIA","Cl1 72","15KG CARTON TELESCOPIC",130,8710,67
2015-03-13,"VALENCIA","Cl1 88","15KG CARTON TELESCOPIC",125,11000,88
2015-03-16,"NAVEL","Cl1 M/L","7KG POCKET",28,23520,840
2015-03-16,"NAVEL","Cl1 S/XS","6KG POCKET",20,2700,134
2015-03-16,"NAVEL","Cl1 S/XS","7KG POCKET",25,25,1
2015-03-16,"VALENCIA","Cl1 40-48","15KG CARTON TELESCOPIC",120,3120,26
2015-03-16,"VALENCIA","Cl1 72","15KG CARTON TELESCOPIC",120,6480,54
2015-03-17,"NAVEL","Cl1 M/L","6KG POCKET",24,7620,322
2015-03-17,"NAVEL","Cl1 M/L","7KG POCKET",27,540,20
2015-03-17,"NAVEL","Cl1 S/XS","6KG POCKET",20,3136,155
2015-03-17,"VALENCIA","Cl1 88","15KG CARTON TELESCOPIC",140,11200,80
2015-03-18,"NAVEL","Cl1 40-48","15KG CARTON TELESCOPIC",100,700,7
2015-03-18,"NAVEL","Cl1 56-60","15KG CARTON TELESCOPIC",100,600,6
2015-03-18,"NAVEL","Cl1 64","15KG CARTON TELESCOPIC",100,9100,91
2015-03-18,"NAVEL","Cl1 72","15KG CARTON TELESCOPIC",92,35700,389
2015-03-18,"NAVEL","Cl1 88","15KG CARTON TELESCOPIC",80,57600,720
2015-03-18,"NAVEL","Cl1 M/L","6KG POCKET",27,2657,98
2015-03-18,"NAVEL","Cl1 M/L","7KG POCKET",28,26388,937
2015-03-18,"NAVEL","Cl1 S/XS","6KG POCKET",21,1726,82
2015-03-18,"VALENCIA","Cl1 72","15KG CARTON TELESCOPIC",80,6400,80
2015-03-18,"VALENCIA","Cl1 M/L","10KG CARTON TELESCOPIC",103,18810,182
2015-03-18,"VALENCIA","Cl1 S/XS","2KG POCKET",11,19250,1750
