Container,ProductName,TotalValueSold,TotalQuantitySold,TotalKgSold,AveragePrice,HighestPrice,Date
7KG POCKET,"VALENCIA,CL 1,L,*,*",713,49,343,14.55,15,2014-10-30
7KG POCKET,"MIDKNIGHT,CL 2,S,*,*",15480,844,5908,18.34,22,2014-10-30
6KG POCKET,"VALENCIA,CL 2,S,*,*",22724,1333,7998,17.05,24,2014-10-30
6KG POCKET,"VALENCIA,CL 2,XL,*,*",8678,474,2844,18.31,23,2014-10-30
10KG POCKET,"MIDKNIGHT,CL 2,XL,*,*",5600,160,1600,35,35,2014-10-30
6KG POCKET,"VALENCIA,CL 2,L,*,*",19034,888,5328,21.43,22,2014-10-30
15KG CARTON TELESCOPIC,"MIDKNIGHT,CL 1,*,105,*",2290,41,615,55.85,65,2014-10-30
15KG CARTON TELESCOPIC,"VALENCIA,CL 2,*,105,*",24960,443,6645,56.34,60,2014-10-30
6KG POCKET,"VALENCIA,CL 2,M,*,*",30746,1314,7884,23.4,24,2014-10-30
15KG CARTON OPEN TOP,"VALENCIA,CL 1,*,70,*",31500,525,7875,60,60,2014-10-30
15KG CARTON TELESCOPIC,"VALENCIA,CL 1,*,105,*",2760,46,690,60,60,2014-10-30
15KG CARTON TELESCOPIC,"VALENCIA,CL 2,*,88,*",5570,91,1365,61.21,70,2014-10-30
6KG POCKET,"DELTA SEEDLESS,CL 2,M,*,*",13000,520,3120,25,25,2014-10-30
6KG POCKET,"MIDKNIGHT,CL 2,L,*,*",19732,709,4254,27.83,28,2014-10-30
15KG CARTON TELESCOPIC,"DELTA SEEDLESS,CL 1,*,88,*",16800,240,3600,70,70,2014-10-30
15KG CARTON TELESCOPIC,"MIDKNIGHT,CL 1,*,88,*",5816,83,1245,70.07,72,2014-10-30
15KG CARTON TELESCOPIC,"VALENCIA,CL 2,*,72,*",3990,57,855,70,70,2014-10-30
15KG CARTON TELESCOPIC,"DELTA SEEDLESS,CL 1,*,72,*",14688,204,3060,72,72,2014-10-30
15KG CARTON TELESCOPIC,"MIDKNIGHT,CL 1,*,72,*",32667,453,6795,72.11,75,2014-10-30
15KG CARTON TELESCOPIC,"VALENCIA,CL 1,*,88,*",300,4,60,75,75,2014-10-30
15KG CARTON TELESCOPIC,"VALENCIA,CL 2,*,64,*",6900,90,1350,76.67,80,2014-10-30
15KG CARTON TELESCOPIC,"VALENCIA,CL 1,*,64,*",41175,525,7875,78.43,80,2014-10-30
15KG CARTON TELESCOPIC,"VALENCIA,CL 1,*,56,*",13035,165,2475,79,80,2014-10-30
15KG CARTON TELESCOPIC,"VALENCIA,CL 1,*,72,*",19460,244,3660,79.75,80,2014-10-30
15KG CARTON TELESCOPIC,"VALENCIA,CL 1,*,48,*",1920,24,360,80,80,2014-10-30
15KG CARTON TELESCOPIC,"VALENCIA,CL 2,*,56,*",160,2,30,80,80,2014-10-30
15KG CARTON OPEN TOP,"VALENCIA,CL 1,*,55,*",23400,260,3900,90,90,2014-10-30
6KG POCKET,"DELTA SEEDLESS,CL 2,S,*,*",304,152,912,2,2,2014-11-06
7KG POCKET,"MIDKNIGHT,CL 2,S,*,*",1592,287,2009,5.55,13,2014-11-06
6KG POCKET,"MIDKNIGHT,CL 2,L,*,*",16,2,12,8,8,2014-11-06
6KG POCKET,"VALENCIA,CL 2,XL,*,*",9981,726,4356,13.75,28,2014-11-06
6KG POCKET,"VALENCIA,CL 2,L,*,*",31648,2121,12726,14.92,28,2014-11-06
6KG POCKET,"VALENCIA,CL 2,S,*,*",40584,2703,16218,15.01,22,2014-11-06
6KG POCKET,"VALENCIA,CL 2,M,*,*",21277,1118,6708,19.03,28,2014-11-06
15KG CARTON OPEN TOP,"VALENCIA,CL 1,*,50,*",2800,56,840,50,50,2014-11-06
15KG CARTON TELESCOPIC,"VALENCIA,CL 1,*,65,*",15600,260,3900,60,60,2014-11-06
15KG CARTON TELESCOPIC,"VALENCIA,CL 2,*,105,*",23340,389,5835,60,60,2014-11-06
15KG CARTON TELESCOPIC,"VALENCIA,CL 2,*,125,*",14460,241,3615,60,60,2014-11-06
15KG CARTON OPEN TOP,"VALENCIA,CL 1,*,65,*",39505,610,9150,64.76,90,2014-11-06
15KG CARTON TELESCOPIC,"MIDKNIGHT,CL 1,*,88,*",432,6,90,72,72,2014-11-06
15KG CARTON TELESCOPIC,"VALENCIA,CL 2,*,88,*",145,2,30,72.5,80,2014-11-06
15KG CARTON TELESCOPIC,"VALENCIA,CL 1,*,105,*",75,1,15,75,75,2014-11-06
15KG CARTON TELESCOPIC,"VALENCIA,CL 1,*,88,*",230,3,45,76.67,80,2014-11-06
15KG CARTON TELESCOPIC,"VALENCIA,CL 2,*,64,*",23840,307,4605,77.65,80,2014-11-06
15KG CARTON OPEN TOP,"VALENCIA,CL 1,*,60,*",44810,576,8640,77.8,90,2014-11-06
15KG CARTON TELESCOPIC,"VALENCIA,CL 2,*,48,*",2150,27,405,79.63,80,2014-11-06
15KG CARTON TELESCOPIC,"VALENCIA,CL 2,*,72,*",88890,1113,16695,79.87,80,2014-11-06
15KG CARTON TELESCOPIC,"VALENCIA,CL 1,*,40,*",240,3,45,80,80,2014-11-06
15KG CARTON TELESCOPIC,"VALENCIA,CL 1,*,48,*",800,10,150,80,80,2014-11-06
15KG CARTON TELESCOPIC,"VALENCIA,CL 1,*,56,*",20000,250,3750,80,80,2014-11-06
15KG CARTON TELESCOPIC,"VALENCIA,CL 1,*,64,*",2240,28,420,80,80,2014-11-06
15KG CARTON OPEN TOP,"NAVEL,CL 1,*,40,*",340,4,60,85,85,2014-11-06
15KG CARTON TELESCOPIC,"NAVEL,CL 2,*,56,*",2550,30,450,85,85,2014-11-06
15KG CARTON TELESCOPIC,"NAVEL,CL 1,*,64,*",9000,105,1575,85.71,90,2014-11-06
15KG CARTON TELESCOPIC,"NAVEL,CL 1,*,48,*",1170,13,195,90,90,2014-11-06
6KG POCKET,"VALENCIA,CL 2,S,*,*",14329,4698,28188,3.05,24,2014-11-10
6KG POCKET,"VALENCIA,CL 2,M,*,*",2990,502,3012,5.96,24,2014-11-10
2KG POCKET,"VALENCIA,CL 1,M,*,*",1320,660,1320,2,2,2014-11-10
6KG POCKET,"VALENCIA,CL 2,XL,*,*",2264,130,780,17.42,20,2014-11-10
6KG POCKET,"MIDKNIGHT,CL 1,M,*,*",2850,142,852,20.07,22,2014-11-10
15KG CARTON TELESCOPIC,"MIDKNIGHT,CL 1,*,88,*",720,12,180,60,60,2014-11-10
15KG CARTON TELESCOPIC,"VALENCIA,CL 2,*,125,*",1200,20,300,60,60,2014-11-10
15KG CARTON TELESCOPIC,"VALENCIA,CL 2,*,48,*",1020,17,255,60,60,2014-11-10
15KG CARTON TELESCOPIC,"VALENCIA,CL 2,*,56,*",540,9,135,60,60,2014-11-10
6KG POCKET,"MIDKNIGHT,CL 1,L,*,*",96,4,24,24,24,2014-11-10
15KG CARTON OPEN TOP,"VALENCIA,CL 1,*,65,*",43225,715,10725,60.45,65,2014-11-10
15KG CARTON TELESCOPIC,"VALENCIA,CL 2,*,105,*",10570,172,2580,61.45,65,2014-11-10
6KG POCKET,"VALENCIA,CL 2,L,*,*",32692,1316,7896,24.84,26,2014-11-10
15KG CARTON TELESCOPIC,"VALENCIA,CL 1,*,105,*",11200,160,2400,70,70,2014-11-10
15KG CARTON TELESCOPIC,"VALENCIA,CL 1,*,56,*",2700,37,555,72.97,80,2014-11-10
15KG CARTON TELESCOPIC,"VALENCIA,CL 2,*,88,*",16280,218,3270,74.68,80,2014-11-10
15KG CARTON TELESCOPIC,"VALENCIA,CL 1,*,125,*",300,4,60,75,75,2014-11-10
15KG CARTON TELESCOPIC,"MIDKNIGHT,CL 1,*,72,*",995,13,195,76.54,85,2014-11-10
15KG CARTON TELESCOPIC,"VALENCIA,CL 1,*,64,*",6640,83,1245,80,80,2014-11-10
15KG CARTON TELESCOPIC,"VALENCIA,CL 1,*,72,*",12800,160,2400,80,80,2014-11-10
15KG CARTON TELESCOPIC,"VALENCIA,CL 1,*,88,*",6480,81,1215,80,80,2014-11-10
15KG CARTON TELESCOPIC,"VALENCIA,CL 2,*,64,*",39623,496,7440,79.89,80,2014-11-10
15KG CARTON TELESCOPIC,"VALENCIA,CL 2,*,72,*",40400,505,7575,80,80,2014-11-10
15KG CARTON OPEN TOP,"VALENCIA,CL 1,*,55,*",20190,251,3765,80.44,90,2014-11-10
15KG CARTON TELESCOPIC,"NAVEL,CL 2,*,48,*",19920,240,3600,83,83,2014-11-10
15KG CARTON TELESCOPIC,"NAVEL,CL 1,*,56,*",850,10,150,85,85,2014-11-10
15KG CARTON TELESCOPIC,"VALENCIA,CL 1,*,48,*",170,2,30,85,85,2014-11-10
15KG CARTON OPEN TOP,"VALENCIA,CL 1,*,60,*",8435,99,1485,85.2,90,2014-11-10
15KG CARTON TELESCOPIC,"NAVEL,CL 2,*,64,*",1390,16,240,86.88,90,2014-11-10
15KG CARTON OPEN TOP,"NAVEL,CL 1,*,40,*",90,1,15,90,90,2014-11-10
15KG CARTON TELESCOPIC,"NAVEL,CL 1,*,48,*",180,2,30,90,90,2014-11-10
7KG POCKET,"MIDKNIGHT,CL 2,S,*,*",119.72,41,287,2.92,2.92,2014-11-12
6KG POCKET,"VALENCIA,CL 2,XL,*,*",16,1,6,16,16,2014-11-12
6KG POCKET,"VALENCIA,CL 2,S,*,*",47154,2685,16110,17.56,18,2014-11-12
6KG POCKET,"NAVEL,CL 2,L,*,*",10083,563,3378,17.91,24,2014-11-12
6KG POCKET,"VALENCIA,CL 2,L,*,*",5610,256,1536,21.91,26,2014-11-12
6KG POCKET,"VALENCIA,CL 2,M,*,*",10772,466,2796,23.12,25,2014-11-12
15KG CARTON TELESCOPIC,"VALENCIA,CL 2,*,125,*",360,6,90,60,60,2014-11-12
15KG CARTON TELESCOPIC,"VALENCIA,CL 1,*,105,*",1240,19,285,65.26,70,2014-11-12
15KG CARTON TELESCOPIC,"DELTA SEEDLESS,CL 1,*,88,*",150,2,30,75,75,2014-11-12
15KG CARTON TELESCOPIC,"VALENCIA,CL 2,*,88,*",22230,291,4365,76.39,80,2014-11-12
15KG CARTON TELESCOPIC,"VALENCIA,CL 2,*,72,*",82880,1041,15615,79.62,80,2014-11-12
15KG CARTON TELESCOPIC,"VALENCIA,CL 1,*,56,*",11520,144,2160,80,80,2014-11-12
15KG CARTON TELESCOPIC,"VALENCIA,CL 1,*,64,*",11200,140,2100,80,80,2014-11-12
15KG CARTON TELESCOPIC,"VALENCIA,CL 1,*,72,*",46400,580,8700,80,80,2014-11-12
15KG CARTON TELESCOPIC,"VALENCIA,CL 1,*,88,*",17025,213,3195,79.93,80,2014-11-12
15KG CARTON TELESCOPIC,"VALENCIA,CL 2,*,56,*",17600,220,3300,80,80,2014-11-12
15KG CARTON TELESCOPIC,"VALENCIA,CL 2,*,64,*",9040,113,1695,80,80,2014-11-12
15KG CARTON TELESCOPIC,"VALENCIA,CL 1,*,48,*",21430,266,3990,80.56,85,2014-11-12
15KG CARTON TELESCOPIC,"MIDKNIGHT,CL 1,*,64,*",2195,27,405,81.3,85,2014-11-12
15KG CARTON TELESCOPIC,"NAVEL,CL 1,*,64,*",13280,160,2400,83,83,2014-11-12
15KG CARTON TELESCOPIC,"NAVEL,CL 2,*,48,*",6640,80,1200,83,83,2014-11-12
15KG CARTON TELESCOPIC,"NAVEL,CL 1,*,48,*",2421,29,435,83.48,90,2014-11-12
15KG CARTON TELESCOPIC,"NAVEL,CL 1,*,56,*",29058,346,5190,83.98,85,2014-11-12
15KG CARTON TELESCOPIC,"NAVEL,CL 2,*,40,*",5311,63,945,84.3,90,2014-11-12
15KG CARTON TELESCOPIC,"NAVEL,CL 2,*,64,*",255,3,45,85,85,2014-11-12
15KG CARTON OPEN TOP,"VALENCIA,CL 1,*,60,*",6995,82,1230,85.3,90,2014-11-12
15KG CARTON OPEN TOP,"VALENCIA,CL 1,*,65,*",90,1,15,90,90,2014-11-12
15KG CARTON TELESCOPIC,"VALENCIA,CL 2,*,48,*",6300,70,1050,90,90,2014-11-12
7KG POCKET,"MIDKNIGHT,CL 2,S,*,*",670,121,847,5.54,10,2014-11-13
3KG POCKET,"VALENCIA,CL 1,S,*,*",40,8,24,5,5,2014-11-13
15KG CARTON TELESCOPIC,"VALENCIA,CL 2,*,56,*",2400,80,1200,30,30,2014-11-13
15KG CARTON TELESCOPIC,"VALENCIA,CL 2,*,88,*",3050,94,1410,32.45,80,2014-11-13
6KG POCKET,"VALENCIA,CL 2,L,*,*",2840,178,1068,15.96,26,2014-11-13
6KG POCKET,"VALENCIA,CL 2,S,*,*",31372,1820,10920,17.24,18,2014-11-13
6KG POCKET,"VALENCIA,CL 2,XL,*,*",2016,112,672,18,18,2014-11-13
6KG POCKET,"NAVEL,CL 2,L,*,*",1322,69,414,19.16,20,2014-11-13
6KG POCKET,"VALENCIA,CL 2,M,*,*",18826,815,4890,23.1,25,2014-11-13
15KG CARTON TELESCOPIC,"VALENCIA,CL 1,*,125,*",415,6,90,69.17,70,2014-11-13
15KG CARTON TELESCOPIC,"VALENCIA,CL 1,*,105,*",5810,83,1245,70,70,2014-11-13
15KG CARTON TELESCOPIC,"VALENCIA,CL 2,*,105,*",7000,100,1500,70,70,2014-11-13
15KG CARTON TELESCOPIC,"VALENCIA,CL 2,*,72,*",25060,347,5205,72.22,80,2014-11-13
15KG CARTON TELESCOPIC,"VALENCIA,CL 2,*,64,*",14900,205,3075,72.68,80,2014-11-13
15KG CARTON TELESCOPIC,"VALENCIA,CL 1,*,88,*",83850,1146,17190,73.17,80,2014-11-13
15KG CARTON TELESCOPIC,"VALENCIA,CL 1,*,48,*",3545,44,660,80.57,85,2014-11-13
15KG CARTON TELESCOPIC,"MIDKNIGHT,CL 1,*,64,*",820,10,150,82,84,2014-11-13
15KG CARTON TELESCOPIC,"NAVEL,CL 1,*,56,*",7985,95,1425,84.05,90,2014-11-13
15KG CARTON TELESCOPIC,"NAVEL,CL 2,*,40,*",255,3,45,85,85,2014-11-13
15KG CARTON OPEN TOP,"VALENCIA,CL 1,*,60,*",7930,93,1395,85.27,90,2014-11-13
15KG CARTON TELESCOPIC,"NAVEL,CL 1,*,48,*",1210,14,210,86.43,90,2014-11-13
15KG CARTON OPEN TOP,"NAVEL,CL 1,*,40,*",180,2,30,90,90,2014-11-13
15KG CARTON TELESCOPIC,"NAVEL,CL 2,*,48,*",180,2,30,90,90,2014-11-13
7KG POCKET,"MIDKNIGHT,CL 2,S,*,*",547.2,159,1113,3.44,10,2014-11-14
6KG POCKET,"MIDKNIGHT,CL 1,L,*,*",256,64,384,4,4,2014-11-14
6KG POCKET,"VALENCIA,CL 2,L,*,*",863,54,324,15.98,20,2014-11-14
6KG POCKET,"VALENCIA,CL 2,S,*,*",45594,2533,15198,18,18,2014-11-14
6KG POCKET,"VALENCIA,CL 2,XL,*,*",200,10,60,20,20,2014-11-14
6KG POCKET,"VALENCIA,CL 2,M,*,*",2476,110,660,22.51,24,2014-11-14
6KG POCKET,"NAVEL,CL 2,L,*,*",11915,498,2988,23.93,25,2014-11-14
15KG CARTON OPEN TOP,"VALENCIA,CL 1,*,55,*",7800,130,1950,60,60,2014-11-14
15KG CARTON TELESCOPIC,"VALENCIA,CL 1,*,105,*",370,6,90,61.67,70,2014-11-14
15KG CARTON TELESCOPIC,"VALENCIA,CL 2,*,105,*",18615,278,4170,66.96,70,2014-11-14
15KG CARTON TELESCOPIC,"DELTA SEEDLESS,CL 1,*,88,*",5910,82,1230,72.07,75,2014-11-14
15KG CARTON OPEN TOP,"VALENCIA,CL 1,*,60,*",69560,956,14340,72.76,85,2014-11-14
15KG CARTON TELESCOPIC,"VALENCIA,CL 1,*,88,*",35190,482,7230,73.01,75,2014-11-14
15KG CARTON TELESCOPIC,"VALENCIA,CL 1,*,48,*",2750,37,555,74.32,80,2014-11-14
15KG CARTON TELESCOPIC,"VALENCIA,CL 2,*,72,*",49912,627,9405,79.6,80,2014-11-14
15KG CARTON TELESCOPIC,"VALENCIA,CL 2,*,88,*",7410,93,1395,79.68,80,2014-11-14
15KG CARTON TELESCOPIC,"VALENCIA,CL 1,*,40,*",6400,80,1200,80,80,2014-11-14
15KG CARTON TELESCOPIC,"VALENCIA,CL 1,*,56,*",1200,15,225,80,80,2014-11-14
15KG CARTON TELESCOPIC,"VALENCIA,CL 1,*,64,*",6400,80,1200,80,80,2014-11-14
15KG CARTON TELESCOPIC,"VALENCIA,CL 2,*,64,*",21360,267,4005,80,80,2014-11-14
15KG CARTON TELESCOPIC,"MIDKNIGHT,CL 1,*,64,*",2250,28,420,80.36,90,2014-11-14
15KG CARTON OPEN TOP,"NAVEL,CL 1,*,40,*",3785,45,675,84.11,90,2014-11-14
15KG CARTON TELESCOPIC,"NAVEL,CL 1,*,48,*",1795,21,315,85.48,90,2014-11-14
15KG CARTON TELESCOPIC,"NAVEL,CL 1,*,56,*",90,1,15,90,90,2014-11-14
15KG CARTON TELESCOPIC,"NAVEL,CL 2,*,40,*",450,5,75,90,90,2014-11-14
6KG POCKET,"MIDKNIGHT,CL 2,S,*,*",554.4,154,924,3.6,3.6,2014-11-17
6KG POCKET,"VALENCIA,CL 2,S,*,*",24078,1614,9684,14.92,16,2014-11-17
6KG POCKET,"NAVEL,CL 2,L,*,*",11928,657,3942,18.16,20,2014-11-17
6KG POCKET,"VALENCIA,CL 2,M,*,*",4486,227,1362,19.76,24,2014-11-17
15KG CARTON TELESCOPIC,"VALENCIA,CL 1,*,125,*",2500,50,750,50,50,2014-11-17
6KG POCKET,"VALENCIA,CL 2,L,*,*",10448,482,2892,21.68,24,2014-11-17
15KG CARTON TELESCOPIC,"VALENCIA,CL 1,*,48,*",8200,146,2190,56.16,80,2014-11-17
15KG CARTON TELESCOPIC,"VALENCIA,CL 1,*,105,*",56900,818,12270,69.56,70,2014-11-17
15KG CARTON TELESCOPIC,"VALENCIA,CL 2,*,105,*",18430,264,3960,69.81,70,2014-11-17
15KG CARTON TELESCOPIC,"MIDKNIGHT,CL 1,*,105,*",70,1,15,70,70,2014-11-17
15KG CARTON TELESCOPIC,"NAVEL,CL 2,*,105,*",350,5,75,70,70,2014-11-17
15KG CARTON TELESCOPIC,"DELTA SEEDLESS,CL 1,*,88,*",23250,310,4650,75,75,2014-11-17
15KG CARTON TELESCOPIC,"VALENCIA,CL 1,*,88,*",825,11,165,75,75,2014-11-17
15KG CARTON TELESCOPIC,"VALENCIA,CL 2,*,48,*",6000,80,1200,75,75,2014-11-17
15KG CARTON TELESCOPIC,"MIDKNIGHT,CL 1,*,72,*",5570,71,1065,78.45,80,2014-11-17
15KG CARTON TELESCOPIC,"VALENCIA,CL 2,*,72,*",46610,590,8850,79,80,2014-11-17
15KG CARTON TELESCOPIC,"MIDKNIGHT,CL 1,*,56,*",5990,75,1125,79.87,80,2014-11-17
15KG CARTON TELESCOPIC,"VALENCIA,CL 1,*,56,*",5600,70,1050,80,80,2014-11-17
15KG CARTON TELESCOPIC,"VALENCIA,CL 1,*,64,*",4160,52,780,80,80,2014-11-17
15KG CARTON TELESCOPIC,"VALENCIA,CL 1,*,72,*",6400,80,1200,80,80,2014-11-17
15KG CARTON TELESCOPIC,"VALENCIA,CL 2,*,40,*",6400,80,1200,80,80,2014-11-17
15KG CARTON TELESCOPIC,"VALENCIA,CL 2,*,56,*",32800,410,6150,80,80,2014-11-17
15KG CARTON TELESCOPIC,"VALENCIA,CL 2,*,88,*",62560,782,11730,80,80,2014-11-17
15KG CARTON TELESCOPIC,"NAVEL,CL 2,*,56,*",3975,47,705,84.57,90,2014-11-17
15KG CARTON TELESCOPIC,"NAVEL,CL 1,*,48,*",1020,12,180,85,85,2014-11-17
15KG CARTON TELESCOPIC,"NAVEL,CL 1,*,56,*",1445,17,255,85,85,2014-11-17
15KG CARTON TELESCOPIC,"NAVEL,CL 2,*,40,*",3150,35,525,90,90,2014-11-17
6KG POCKET,"VALENCIA,CL 2,S,*,*",9110,514,3084,17.72,22,2014-11-19
6KG POCKET,"NAVEL,CL 2,L,*,*",10026,541,3246,18.53,24,2014-11-19
6KG POCKET,"VALENCIA,CL 2,M,*,*",24789,1038,6228,23.88,26,2014-11-19
6KG POCKET,"VALENCIA,CL 2,L,*,*",2100,86,516,24.42,26,2014-11-19
6KG POCKET,"VALENCIA,CL 2,XL,*,*",3740,145,870,25.79,26,2014-11-19
15KG CARTON TELESCOPIC,"VALENCIA,CL 1,*,105,*",5600,80,1200,70,70,2014-11-19
15KG CARTON TELESCOPIC,"VALENCIA,CL 1,*,125,*",350,5,75,70,70,2014-11-19
15KG CARTON TELESCOPIC,"VALENCIA,CL 2,*,105,*",35840,512,7680,70,70,2014-11-19
15KG CARTON TELESCOPIC,"MIDKNIGHT,CL 1,*,105,*",17580,240,3600,73.25,85,2014-11-19
15KG CARTON TELESCOPIC,"VALENCIA,CL 1,*,88,*",15075,201,3015,75,75,2014-11-19
15KG CARTON TELESCOPIC,"VALENCIA,CL 1,*,48,*",4620,58,870,79.66,80,2014-11-19
15KG CARTON TELESCOPIC,"VALENCIA,CL 1,*,56,*",7120,89,1335,80,80,2014-11-19
15KG CARTON TELESCOPIC,"VALENCIA,CL 1,*,64,*",13600,170,2550,80,80,2014-11-19
15KG CARTON TELESCOPIC,"VALENCIA,CL 2,*,48,*",1680,21,315,80,80,2014-11-19
15KG CARTON TELESCOPIC,"VALENCIA,CL 2,*,88,*",38880,486,7290,80,80,2014-11-19
15KG CARTON TELESCOPIC,"NAVEL,CL 1,*,48,*",13440,160,2400,84,85,2014-11-19
15KG CARTON TELESCOPIC,"DELTA SEEDLESS,CL 1,*,64,*",85,1,15,85,85,2014-11-19
15KG CARTON TELESCOPIC,"NAVEL,CL 2,*,56,*",425,5,75,85,85,2014-11-19
15KG CARTON TELESCOPIC,"NAVEL,CL 2,*,40,*",5860,68,1020,86.18,90,2014-11-19
15KG CARTON TELESCOPIC,"VALENCIA,CL 2,*,72,*",32720,369,5535,88.67,90,2014-11-19
15KG CARTON TELESCOPIC,"VALENCIA,CL 1,*,72,*",14400,160,2400,90,90,2014-11-19
15KG CARTON TELESCOPIC,"VALENCIA,CL 2,*,56,*",28800,320,4800,90,90,2014-11-19
15KG CARTON TELESCOPIC,"VALENCIA,CL 2,*,64,*",14400,160,2400,90,90,2014-11-19
6KG POCKET,"VALENCIA,CL 2,XL,*,*",4990,497,2982,10.04,20,2014-11-24
6KG POCKET,"VALENCIA,CL 2,L,*,*",3310,305,1830,10.85,18,2014-11-24
10KG JUMBLE CARTON,"VALENCIA,CL 2,S,*,*",5250,210,2100,25,25,2014-11-24
6KG POCKET,"VALENCIA,CL 2,S,*,*",618,41,246,15.07,18,2014-11-24
6KG POCKET,"NAVEL,CL 2,L,*,*",30985,1466,8796,21.14,25,2014-11-24
6KG POCKET,"VALENCIA,CL 2,M,*,*",23888,1094,6564,21.84,25,2014-11-24
15KG CARTON TELESCOPIC,"VALENCIA,CL 1,*,125,*",370,6,90,61.67,70,2014-11-24
6KG POCKET,"MIDKNIGHT,CL 2,L,*,*",410,15,90,27.33,28,2014-11-24
15KG CARTON OPEN TOP,"VALENCIA,CL 1,*,50,*",4550,65,975,70,70,2014-11-24
15KG CARTON OPEN TOP,"VALENCIA,CL 1,*,55,*",13650,195,2925,70,70,2014-11-24
15KG CARTON OPEN TOP,"VALENCIA,CL 1,*,60,*",18340,262,3930,70,70,2014-11-24
15KG CARTON OPEN TOP,"VALENCIA,CL 1,*,65,*",8050,115,1725,70,70,2014-11-24
15KG CARTON TELESCOPIC,"VALENCIA,CL 1,*,60,*",4550,65,975,70,70,2014-11-24
15KG CARTON TELESCOPIC,"VALENCIA,CL 1,*,65,*",10710,153,2295,70,70,2014-11-24
15KG CARTON TELESCOPIC,"VALENCIA,CL 2,*,105,*",4420,63,945,70.16,80,2014-11-24
15KG CARTON TELESCOPIC,"VALENCIA,CL 1,*,48,*",2560,33,495,77.58,85,2014-11-24
15KG CARTON TELESCOPIC,"MIDKNIGHT,CL 1,*,105,*",2400,30,450,80,80,2014-11-24
15KG CARTON TELESCOPIC,"VALENCIA,CL 2,*,48,*",400,5,75,80,80,2014-11-24
15KG CARTON TELESCOPIC,"VALENCIA,CL 2,*,88,*",84720,1059,15885,80,80,2014-11-24
15KG CARTON TELESCOPIC,"VALENCIA,CL 1,*,72,*",7180,83,1245,86.51,95,2014-11-24
15KG CARTON TELESCOPIC,"VALENCIA,CL 1,*,88,*",780,9,135,86.67,95,2014-11-24
15KG CARTON TELESCOPIC,"VALENCIA,CL 2,*,72,*",4840,53,795,91.32,95,2014-11-24
15KG CARTON TELESCOPIC,"VALENCIA,CL 1,*,56,*",555,6,90,92.5,95,2014-11-24
15KG CARTON TELESCOPIC,"MIDKNIGHT,CL 1,*,72,*",4465,47,705,95,95,2014-11-24
15KG CARTON TELESCOPIC,"VALENCIA,CL 2,*,64,*",2850,30,450,95,95,2014-11-24
15KG CARTON TELESCOPIC,"MIDKNIGHT,CL 1,*,48,*",500,5,75,100,100,2014-11-24
15KG CARTON TELESCOPIC,"MIDKNIGHT,CL 1,*,64,*",6600,66,990,100,100,2014-11-24
6KG POCKET,"VALENCIA,CL 2,L,*,*",8860,501,3006,17.68,20,2014-11-25
6KG POCKET,"VALENCIA,CL 2,XL,*,*",9194,460,2760,19.99,20,2014-11-25
6KG POCKET,"VALENCIA,CL 2,M,*,*",19066,948,5688,20.11,26,2014-11-25
6KG POCKET,"NAVEL,CL 2,L,*,*",19825,919,5514,21.57,24,2014-11-25
15KG CARTON TELESCOPIC,"VALENCIA,CL 1,*,105,*",26000,400,6000,65,65,2014-11-25
15KG CARTON TELESCOPIC,"VALENCIA,CL 1,*,125,*",6020,86,1290,70,70,2014-11-25
15KG CARTON TELESCOPIC,"VALENCIA,CL 2,*,125,*",5600,80,1200,70,70,2014-11-25
6KG POCKET,"MIDKNIGHT,CL 2,L,*,*",308,11,66,28,28,2014-11-25
15KG CARTON TELESCOPIC,"VALENCIA,CL 2,*,105,*",23020,328,4920,70.18,80,2014-11-25
15KG CARTON OPEN TOP,"VALENCIA,CL 1,*,65,*",6340,82,1230,77.32,95,2014-11-25
15KG CARTON TELESCOPIC,"VALENCIA,CL 1,*,48,*",320,4,60,80,80,2014-11-25
15KG CARTON TELESCOPIC,"VALENCIA,CL 2,*,88,*",45360,567,8505,80,80,2014-11-25
15KG CARTON TELESCOPIC,"VALENCIA,CL 1,*,72,*",16460,205,3075,80.29,90,2014-11-25
15KG CARTON TELESCOPIC,"VALENCIA,CL 1,*,88,*",63625,784,11760,81.15,85,2014-11-25
15KG CARTON TELESCOPIC,"MIDKNIGHT,CL 1,*,88,*",2475,29,435,85.34,95,2014-11-25
15KG CARTON TELESCOPIC,"VALENCIA,CL 1,*,64,*",27220,310,4650,87.81,95,2014-11-25
15KG CARTON TELESCOPIC,"VALENCIA,CL 1,*,56,*",1530,17,255,90,90,2014-11-25
15KG CARTON TELESCOPIC,"VALENCIA,CL 2,*,64,*",49865,541,8115,92.17,95,2014-11-25
15KG CARTON TELESCOPIC,"VALENCIA,CL 2,*,72,*",1395,15,225,93,95,2014-11-25
15KG CARTON TELESCOPIC,"VALENCIA,CL 2,*,56,*",62320,660,9900,94.42,95,2014-11-25
15KG CARTON TELESCOPIC,"VALENCIA,CL 2,*,48,*",7600,80,1200,95,95,2014-11-25
15KG CARTON TELESCOPIC,"MIDKNIGHT,CL 1,*,72,*",6945,73,1095,95.14,100,2014-11-25
15KG CARTON TELESCOPIC,"MIDKNIGHT,CL 1,*,48,*",3100,31,465,100,100,2014-11-25
15KG CARTON TELESCOPIC,"MIDKNIGHT,CL 1,*,64,*",8400,84,1260,100,100,2014-11-25
15KG CARTON TELESCOPIC,"NAVEL,CL 2,*,56,*",300,3,45,100,100,2014-11-25
6KG POCKET,"VALENCIA,CL 2,L,*,*",3035,257,1542,11.81,25,2014-11-26
6KG POCKET,"VALENCIA,CL 2,XL,*,*",210,14,84,15,20,2014-11-26
15KG CARTON OPEN TOP,"VALENCIA,CL 1,*,50,*",10780,243,3645,44.36,50,2014-11-26
6KG POCKET,"VALENCIA,CL 2,M,*,*",13382,750,4500,17.84,26,2014-11-26
6KG POCKET,"VALENCIA,CL 2,S,*,*",10044,513,3078,19.58,20,2014-11-26
6KG POCKET,"NAVEL,CL 2,L,*,*",11313,552,3312,20.49,25,2014-11-26
15KG CARTON OPEN TOP,"VALENCIA,CL 1,*,60,*",15480,258,3870,60,60,2014-11-26
15KG CARTON TELESCOPIC,"VALENCIA,CL 1,*,105,*",22730,355,5325,64.03,70,2014-11-26
15KG CARTON TELESCOPIC,"VALENCIA,CL 2,*,105,*",14380,213,3195,67.51,70,2014-11-26
15KG CARTON TELESCOPIC,"VALENCIA,CL 1,*,125,*",140,2,30,70,70,2014-11-26
15KG CARTON TELESCOPIC,"VALENCIA,CL 2,*,125,*",70,1,15,70,70,2014-11-26
6KG POCKET,"MIDKNIGHT,CL 2,L,*,*",28,1,6,28,28,2014-11-26
15KG CARTON TELESCOPIC,"VALENCIA,CL 2,*,64,*",27495,360,5400,76.38,95,2014-11-26
15KG CARTON TELESCOPIC,"VALENCIA,CL 1,*,88,*",6400,80,1200,80,80,2014-11-26
15KG CARTON TELESCOPIC,"VALENCIA,CL 2,*,88,*",152195,1903,28545,79.98,85,2014-11-26
15KG CARTON TELESCOPIC,"MIDKNIGHT,CL 1,*,88,*",4335,51,765,85,85,2014-11-26
15KG CARTON TELESCOPIC,"VALENCIA,CL 2,*,72,*",42165,475,7125,88.77,95,2014-11-26
15KG CARTON OPEN TOP,"VALENCIA,CL 1,*,65,*",90,1,15,90,90,2014-11-26
15KG CARTON TELESCOPIC,"VALENCIA,CL 1,*,56,*",450,5,75,90,90,2014-11-26
15KG CARTON TELESCOPIC,"VALENCIA,CL 1,*,64,*",6300,70,1050,90,90,2014-11-26
15KG CARTON TELESCOPIC,"VALENCIA,CL 1,*,72,*",11340,126,1890,90,90,2014-11-26
15KG CARTON TELESCOPIC,"MIDKNIGHT,CL 1,*,72,*",5120,54,810,94.81,95,2014-11-26
6KG POCKET,"VALENCIA,CL 2,XL,*,*",806,53,318,15.21,20,2014-12-01
6KG POCKET,"MIDKNIGHT,CL 2,L,*,*",180,9,54,20,20,2014-12-01
6KG POCKET,"VALENCIA,CL 2,S,*,*",18136,825,4950,21.98,24,2014-12-01
6KG POCKET,"VALENCIA,CL 2,M,*,*",7214,310,1860,23.27,24,2014-12-01
15KG CARTON TELESCOPIC,"VALENCIA,CL 1,*,125,*",8450,130,1950,65,65,2014-12-01
15KG CARTON TELESCOPIC,"VALENCIA,CL 1,*,105,*",11465,173,2595,66.27,75,2014-12-01
15KG CARTON TELESCOPIC,"VALENCIA,CL 2,*,125,*",1050,15,225,70,70,2014-12-01
15KG CARTON TELESCOPIC,"MIDKNIGHT,CL 1,*,105,*",985,14,210,70.36,75,2014-12-01
15KG CARTON TELESCOPIC,"VALENCIA,CL 2,*,88,*",7020,88,1320,79.77,80,2014-12-01
15KG CARTON TELESCOPIC,"VALENCIA,CL 1,*,72,*",32160,402,6030,80,80,2014-12-01
15KG CARTON TELESCOPIC,"VALENCIA,CL 1,*,88,*",4610,55,825,83.82,85,2014-12-01
15KG CARTON TELESCOPIC,"VALENCIA,CL 1,*,64,*",6895,81,1215,85.12,95,2014-12-01
15KG CARTON TELESCOPIC,"VALENCIA,CL 2,*,64,*",24405,285,4275,85.63,95,2014-12-01
15KG CARTON TELESCOPIC,"VALENCIA,CL 1,*,56,*",2130,24,360,88.75,95,2014-12-01
15KG CARTON OPEN TOP,"VALENCIA,CL 1,*,65,*",360,4,60,90,90,2014-12-01
15KG CARTON TELESCOPIC,"VALENCIA,CL 2,*,72,*",360,4,60,90,90,2014-12-01
15KG CARTON TELESCOPIC,"VALENCIA,CL 2,*,56,*",820,9,135,91.11,95,2014-12-01
6KG POCKET,"VALENCIA,CL 2,S,*,*",176,11,66,16,16,2014-12-02
15KG CARTON OPEN TOP,"VALENCIA,CL 1,*,65,*",400,8,120,50,50,2014-12-02
6KG POCKET,"VALENCIA,CL 2,L,*,*",25413,1255,7530,20.25,26,2014-12-02
6KG POCKET,"VALENCIA,CL 2,M,*,*",11266,495,2970,22.76,24,2014-12-02
15KG CARTON TELESCOPIC,"VALENCIA,CL 1,*,125,*",2600,40,600,65,65,2014-12-02
15KG CARTON TELESCOPIC,"VALENCIA,CL 2,*,88,*",37815,563,8445,67.17,95,2014-12-02
15KG CARTON TELESCOPIC,"VALENCIA,CL 2,*,105,*",27280,393,5895,69.41,70,2014-12-02
15KG CARTON TELESCOPIC,"MIDKNIGHT,CL 1,*,105,*",280,4,60,70,70,2014-12-02
15KG CARTON TELESCOPIC,"MIDKNIGHT,CL 1,*,88,*",4900,70,1050,70,70,2014-12-02
15KG CARTON TELESCOPIC,"VALENCIA,CL 2,*,125,*",4900,70,1050,70,70,2014-12-02
15KG CARTON TELESCOPIC,"VALENCIA,CL 1,*,105,*",17580,249,3735,70.6,75,2014-12-02
15KG CARTON TELESCOPIC,"VALENCIA,CL 1,*,88,*",81050,1048,15720,77.34,100,2014-12-02
15KG CARTON OPEN TOP,"VALENCIA,CL 1,*,70,*",11200,140,2100,80,80,2014-12-02
15KG CARTON TELESCOPIC,"VALENCIA,CL 2,*,72,*",12190,151,2265,80.73,95,2014-12-02
15KG CARTON OPEN TOP,"NAVEL,CL 1,*,55,*",5850,65,975,90,90,2014-12-02
15KG CARTON TELESCOPIC,"MIDKNIGHT,CL 1,*,40,*",90,1,15,90,90,2014-12-02
15KG CARTON TELESCOPIC,"MIDKNIGHT,CL 1,*,48,*",1170,13,195,90,90,2014-12-02
15KG CARTON TELESCOPIC,"MIDKNIGHT,CL 1,*,64,*",6300,70,1050,90,90,2014-12-02
15KG CARTON TELESCOPIC,"VALENCIA,CL 1,*,56,*",4770,53,795,90,90,2014-12-02
15KG CARTON TELESCOPIC,"VALENCIA,CL 2,*,40,*",6300,70,1050,90,90,2014-12-02
15KG CARTON TELESCOPIC,"VALENCIA,CL 2,*,56,*",14400,160,2400,90,90,2014-12-02
15KG CARTON TELESCOPIC,"VALENCIA,CL 2,*,64,*",8245,91,1365,90.6,95,2014-12-02
15KG CARTON TELESCOPIC,"VALENCIA,CL 2,*,48,*",1270,14,210,90.71,95,2014-12-02
15KG CARTON OPEN TOP,"NAVEL,CL 1,*,60,*",745,8,120,93.13,95,2014-12-02
15KG CARTON TELESCOPIC,"MIDKNIGHT,CL 1,*,72,*",7000,70,1050,100,100,2014-12-02
6KG POCKET,"MIDKNIGHT,CL 2,L,*,*",360,36,216,10,10,2014-12-03
6KG POCKET,"MIDKNIGHT,CL 2,M,*,*",690,69,414,10,10,2014-12-03
6KG POCKET,"VALENCIA,CL 2,L,*,*",22400,1377,8262,16.27,24,2014-12-03
2KG POCKET,"VALENCIA,CL 1,M,*,*",2700,450,900,6,6,2014-12-03
6KG POCKET,"VALENCIA,CL 2,S,*,*",2700,135,810,20,20,2014-12-03
6KG POCKET,"NAVEL,CL 2,L,*,*",11850,510,3060,23.24,24,2014-12-03
6KG POCKET,"VALENCIA,CL 2,M,*,*",14510,597,3582,24.3,26,2014-12-03
15KG CARTON TELESCOPIC,"VALENCIA,CL 2,*,105,*",41790,643,9645,64.99,70,2014-12-03
15KG CARTON TELESCOPIC,"VALENCIA,CL 1,*,125,*",13080,201,3015,65.07,70,2014-12-03
15KG CARTON TELESCOPIC,"VALENCIA,CL 2,*,125,*",694.35,10,150,69.44,70,2014-12-03
15KG CARTON OPEN TOP,"VALENCIA,CL 1,*,60,*",3850,55,825,70,70,2014-12-03
15KG CARTON OPEN TOP,"VALENCIA,CL 1,*,65,*",5950,85,1275,70,70,2014-12-03
15KG CARTON TELESCOPIC,"VALENCIA,CL 1,*,105,*",20120,285,4275,70.6,75,2014-12-03
15KG CARTON TELESCOPIC,"MIDKNIGHT,CL 1,*,105,*",830,11,165,75.45,80,2014-12-03
15KG CARTON TELESCOPIC,"VALENCIA,CL 2,*,88,*",18440,242,3630,76.2,80,2014-12-03
15KG CARTON TELESCOPIC,"VALENCIA,CL 1,*,48,*",5600,70,1050,80,80,2014-12-03
15KG CARTON OPEN TOP,"NAVEL,CL 1,*,55,*",5330,65,975,82,82,2014-12-03
15KG CARTON TELESCOPIC,"VALENCIA,CL 1,*,88,*",4210,50,750,84.2,90,2014-12-03
15KG CARTON OPEN TOP,"NAVEL,CL 1,*,60,*",37180,436,6540,85.28,100,2014-12-03
15KG CARTON TELESCOPIC,"VALENCIA,CL 1,*,72,*",4155,48,720,86.56,90,2014-12-03
15KG CARTON TELESCOPIC,"VALENCIA,CL 1,*,56,*",10865,125,1875,86.92,95,2014-12-03
15KG CARTON TELESCOPIC,"VALENCIA,CL 2,*,64,*",55595,621,9315,89.52,95,2014-12-03
15KG CARTON TELESCOPIC,"MIDKNIGHT,CL 1,*,40,*",90,1,15,90,90,2014-12-03
15KG CARTON TELESCOPIC,"MIDKNIGHT,CL 1,*,48,*",900,10,150,90,90,2014-12-03
15KG CARTON TELESCOPIC,"MIDKNIGHT,CL 1,*,56,*",7650,85,1275,90,90,2014-12-03
15KG CARTON TELESCOPIC,"MIDKNIGHT,CL 1,*,64,*",6300,70,1050,90,90,2014-12-03
15KG CARTON TELESCOPIC,"MIDKNIGHT,CL 1,*,88,*",6300,70,1050,90,90,2014-12-03
15KG CARTON TELESCOPIC,"VALENCIA,CL 1,*,64,*",35730,397,5955,90,90,2014-12-03
15KG CARTON TELESCOPIC,"VALENCIA,CL 2,*,48,*",9735,108,1620,90.14,95,2014-12-03
15KG CARTON TELESCOPIC,"MIDKNIGHT,CL 1,*,72,*",8000,87,1305,91.95,100,2014-12-03
15KG CARTON TELESCOPIC,"VALENCIA,CL 2,*,72,*",10075,109,1635,92.43,95,2014-12-03
15KG CARTON TELESCOPIC,"VALENCIA,CL 2,*,56,*",25010,269,4035,92.97,95,2014-12-03
6KG POCKET,"NAVEL,CL 2,L,*,*",303,45,270,6.73,15,2014-12-06
6KG POCKET,"VALENCIA,CL 2,S,*,*",335,16,96,20.94,25,2014-12-06
10KG JUMBLE CARTON,"VALENCIA,CL 2,L,*,*",800,20,200,40,40,2014-12-06
15KG CARTON TELESCOPIC,"VALENCIA,CL 2,*,56,*",540,9,135,60,60,2014-12-06
15KG CARTON TELESCOPIC,"VALENCIA,CL 2,*,72,*",5520,92,1380,60,60,2014-12-06
15KG CARTON TELESCOPIC,"VALENCIA,CL 2,*,105,*",1880,31,465,60.65,70,2014-12-06
6KG POCKET,"VALENCIA,CL 2,M,*,*",25481,1026,6156,24.84,26,2014-12-06
6KG POCKET,"VALENCIA,CL 2,L,*,*",65199,2522,15132,25.85,28,2014-12-06
15KG CARTON TELESCOPIC,"VALENCIA,CL 1,*,125,*",5355,82,1230,65.3,90,2014-12-06
15KG CARTON TELESCOPIC,"VALENCIA,CL 2,*,125,*",6920,102,1530,67.84,70,2014-12-06
15KG CARTON TELESCOPIC,"MIDKNIGHT,CL 1,*,105,*",5600,80,1200,70,70,2014-12-06
15KG CARTON TELESCOPIC,"VALENCIA,CL 1,*,105,*",10500,150,2250,70,70,2014-12-06
15KG CARTON TELESCOPIC,"VALENCIA,CL 1,*,88,*",24365,317,4755,76.86,90,2014-12-06
15KG CARTON TELESCOPIC,"VALENCIA,CL 2,*,88,*",107930,1398,20970,77.2,90,2014-12-06
15KG CARTON TELESCOPIC,"VALENCIA,CL 2,*,64,*",240,3,45,80,80,2014-12-06
15KG CARTON OPEN TOP,"NAVEL,CL 1,*,65,*",8920,110,1650,81.09,90,2014-12-06
15KG CARTON TELESCOPIC,"VALENCIA,CL 1,*,72,*",43130,516,7740,83.59,85,2014-12-06
15KG CARTON OPEN TOP,"NAVEL,CL 1,*,60,*",4980,57,855,87.37,90,2014-12-06
10KG JUMBLE CARTON,"VALENCIA,CL 2,M,*,*",840,14,140,60,60,2014-12-06
15KG CARTON TELESCOPIC,"CARA CARA NAVEL,CL 1,*,56,*",2700,30,450,90,90,2014-12-06
15KG CARTON TELESCOPIC,"MIDKNIGHT,CL 1,*,40,*",180,2,30,90,90,2014-12-06
15KG CARTON TELESCOPIC,"MIDKNIGHT,CL 1,*,56,*",2700,30,450,90,90,2014-12-06
15KG CARTON TELESCOPIC,"MIDKNIGHT,CL 1,*,64,*",3510,39,585,90,90,2014-12-06
15KG CARTON TELESCOPIC,"VALENCIA,CL 1,*,48,*",900,10,150,90,90,2014-12-06
15KG CARTON TELESCOPIC,"VALENCIA,CL 1,*,64,*",1800,20,300,90,90,2014-12-06
15KG CARTON TELESCOPIC,"VALENCIA,CL 1,*,56,*",995,11,165,90.45,95,2014-12-06
15KG CARTON TELESCOPIC,"MIDKNIGHT,CL 1,*,48,*",2595,28,420,92.68,100,2014-12-06
6KG POCKET,"VALENCIA,CL 2,S,*,*",105,6,36,17.5,20,2014-12-09
2KG POCKET,"VALENCIA,CL 1,M,*,*",1850,310,620,5.97,6,2014-12-09
6KG POCKET,"NAVEL,CL 2,L,*,*",40,2,12,20,20,2014-12-09
6KG POCKET,"VALENCIA,CL 2,M,*,*",420,21,126,20,20,2014-12-09
15KG CARTON TELESCOPIC,"VALENCIA,CL 2,*,56,*",3540,59,885,60,60,2014-12-09
6KG POCKET,"VALENCIA,CL 2,L,*,*",2688,112,672,24,24,2014-12-09
15KG CARTON TELESCOPIC,"VALENCIA,CL 2,*,105,*",4350,67,1005,64.93,70,2014-12-09
15KG CARTON TELESCOPIC,"VALENCIA,CL 2,*,88,*",10510,158,2370,66.52,80,2014-12-09
15KG CARTON TELESCOPIC,"VALENCIA,CL 1,*,105,*",32900,470,7050,70,70,2014-12-09
15KG CARTON TELESCOPIC,"VALENCIA,CL 1,*,125,*",8400,120,1800,70,70,2014-12-09
15KG CARTON TELESCOPIC,"VALENCIA,CL 2,*,72,*",49520,675,10125,73.36,90,2014-12-09
15KG CARTON TELESCOPIC,"MIDKNIGHT,CL 1,*,105,*",525,7,105,75,75,2014-12-09
15KG CARTON TELESCOPIC,"VALENCIA,CL 1,*,88,*",11285,141,2115,80.04,85,2014-12-09
15KG CARTON TELESCOPIC,"VALENCIA,CL 2,*,64,*",15520,187,2805,82.99,90,2014-12-09
15KG CARTON OPEN TOP,"NAVEL,CL 1,*,60,*",90,1,15,90,90,2014-12-09
15KG CARTON OPEN TOP,"NAVEL,CL 1,*,65,*",6210,69,1035,90,90,2014-12-09
15KG CARTON TELESCOPIC,"CARA CARA NAVEL,CL 1,*,56,*",3870,43,645,90,90,2014-12-09
15KG CARTON TELESCOPIC,"MIDKNIGHT,CL 1,*,56,*",4500,50,750,90,90,2014-12-09
15KG CARTON TELESCOPIC,"MIDKNIGHT,CL 1,*,64,*",90,1,15,90,90,2014-12-09
15KG CARTON TELESCOPIC,"VALENCIA,CL 1,*,48,*",7200,80,1200,90,90,2014-12-09
15KG CARTON TELESCOPIC,"VALENCIA,CL 1,*,56,*",16650,185,2775,90,90,2014-12-09
15KG CARTON TELESCOPIC,"VALENCIA,CL 1,*,72,*",1080,12,180,90,90,2014-12-09
15KG CARTON TELESCOPIC,"MIDKNIGHT,CL 1,*,72,*",1450,16,240,90.63,100,2014-12-09
15KG CARTON TELESCOPIC,"MIDKNIGHT,CL 1,*,48,*",1000,10,150,100,100,2014-12-09
6KG POCKET,"VALENCIA,CL 2,S,*,*",2016,112,672,18,18,2014-12-10
6KG POCKET,"NAVEL,CL 2,L,*,*",31318,1431,8586,21.89,28,2014-12-10
6KG POCKET,"VALENCIA,CL 2,M,*,*",11948,468,2808,25.53,26,2014-12-10
15KG CARTON TELESCOPIC,"VALENCIA,CL 2,*,125,*",5560,81,1215,68.64,70,2014-12-10
15KG CARTON TELESCOPIC,"VALENCIA,CL 2,*,105,*",7910,113,1695,70,70,2014-12-10
15KG CARTON TELESCOPIC,"VALENCIA,CL 1,*,105,*",40472,575,8625,70.39,88,2014-12-10
15KG CARTON TELESCOPIC,"VALENCIA,CL 1,*,88,*",98838,1289,19335,76.68,90,2014-12-10
15KG CARTON TELESCOPIC,"VALENCIA,CL 2,*,88,*",33650,430,6450,78.26,80,2014-12-10
15KG CARTON TELESCOPIC,"VALENCIA,CL 2,*,72,*",17600,223,3345,78.92,95,2014-12-10
15KG CARTON TELESCOPIC,"CARA CARA NAVEL,CL 1,*,105,*",160,2,30,80,80,2014-12-10
2KG POCKET,"VALENCIA,CL 1,M,*,*",2040,180,360,11.33,55,2014-12-10
15KG CARTON TELESCOPIC,"VALENCIA,CL 1,*,72,*",1380,16,240,86.25,100,2014-12-10
15KG CARTON TELESCOPIC,"MIDKNIGHT,CL 1,*,72,*",2050,23,345,89.13,100,2014-12-10
15KG CARTON TELESCOPIC,"DELTA SEEDLESS,CL 1,*,64,*",90,1,15,90,90,2014-12-10
15KG CARTON TELESCOPIC,"MIDKNIGHT,CL 1,*,40,*",12600,140,2100,90,90,2014-12-10
15KG CARTON TELESCOPIC,"MIDKNIGHT,CL 1,*,48,*",12870,143,2145,90,90,2014-12-10
15KG CARTON TELESCOPIC,"MIDKNIGHT,CL 1,*,56,*",6210,69,1035,90,90,2014-12-10
15KG CARTON TELESCOPIC,"MIDKNIGHT,CL 1,*,64,*",11160,124,1860,90,90,2014-12-10
15KG CARTON TELESCOPIC,"VALENCIA,CL 1,*,64,*",14400,160,2400,90,90,2014-12-10
15KG CARTON TELESCOPIC,"VALENCIA,CL 2,*,64,*",3960,44,660,90,90,2014-12-10
15KG CARTON TELESCOPIC,"VALENCIA,CL 2,*,48,*",28250,310,4650,91.13,95,2014-12-10
15KG CARTON TELESCOPIC,"VALENCIA,CL 1,*,48,*",13850,150,2250,92.33,95,2014-12-10
15KG CARTON TELESCOPIC,"VALENCIA,CL 2,*,56,*",8400,90,1350,93.33,95,2014-12-10
15KG CARTON TELESCOPIC,"VALENCIA,CL 1,*,56,*",190,2,30,95,95,2014-12-10
15KG CARTON TELESCOPIC,"VALENCIA,CL 1,*,125,*",200,2,30,100,100,2014-12-10
1.5KG POCKET,"NAVEL,CL 1,L,*,*",5120,64,96,80,80,2014-12-10
6KG POCKET,"VALENCIA,CL 2,S,*,*",2016,112,672,18,18,2014-12-11
6KG POCKET,"NAVEL,CL 2,L,*,*",31318,1431,8586,21.89,28,2014-12-11
6KG POCKET,"VALENCIA,CL 2,M,*,*",11948,468,2808,25.53,26,2014-12-11
15KG CARTON TELESCOPIC,"VALENCIA,CL 2,*,125,*",5560,81,1215,68.64,70,2014-12-11
15KG CARTON TELESCOPIC,"VALENCIA,CL 2,*,105,*",7910,113,1695,70,70,2014-12-11
15KG CARTON TELESCOPIC,"VALENCIA,CL 1,*,105,*",40472,575,8625,70.39,88,2014-12-11
15KG CARTON TELESCOPIC,"VALENCIA,CL 1,*,88,*",98838,1289,19335,76.68,90,2014-12-11
15KG CARTON TELESCOPIC,"VALENCIA,CL 2,*,88,*",33650,430,6450,78.26,80,2014-12-11
15KG CARTON TELESCOPIC,"VALENCIA,CL 2,*,72,*",17600,223,3345,78.92,95,2014-12-11
15KG CARTON TELESCOPIC,"CARA CARA NAVEL,CL 1,*,105,*",160,2,30,80,80,2014-12-11
2KG POCKET,"VALENCIA,CL 1,M,*,*",2040,180,360,11.33,55,2014-12-11
15KG CARTON TELESCOPIC,"VALENCIA,CL 1,*,72,*",1380,16,240,86.25,100,2014-12-11
15KG CARTON TELESCOPIC,"MIDKNIGHT,CL 1,*,72,*",2050,23,345,89.13,100,2014-12-11
15KG CARTON TELESCOPIC,"DELTA SEEDLESS,CL 1,*,64,*",90,1,15,90,90,2014-12-11
15KG CARTON TELESCOPIC,"MIDKNIGHT,CL 1,*,40,*",12600,140,2100,90,90,2014-12-11
15KG CARTON TELESCOPIC,"MIDKNIGHT,CL 1,*,48,*",12870,143,2145,90,90,2014-12-11
15KG CARTON TELESCOPIC,"MIDKNIGHT,CL 1,*,56,*",6210,69,1035,90,90,2014-12-11
15KG CARTON TELESCOPIC,"MIDKNIGHT,CL 1,*,64,*",11160,124,1860,90,90,2014-12-11
15KG CARTON TELESCOPIC,"VALENCIA,CL 1,*,64,*",14400,160,2400,90,90,2014-12-11
15KG CARTON TELESCOPIC,"VALENCIA,CL 2,*,64,*",3960,44,660,90,90,2014-12-11
15KG CARTON TELESCOPIC,"VALENCIA,CL 2,*,48,*",28250,310,4650,91.13,95,2014-12-11
15KG CARTON TELESCOPIC,"VALENCIA,CL 1,*,48,*",13850,150,2250,92.33,95,2014-12-11
15KG CARTON TELESCOPIC,"VALENCIA,CL 2,*,56,*",8400,90,1350,93.33,95,2014-12-11
15KG CARTON TELESCOPIC,"VALENCIA,CL 1,*,56,*",190,2,30,95,95,2014-12-11
15KG CARTON TELESCOPIC,"VALENCIA,CL 1,*,125,*",200,2,30,100,100,2014-12-11
1.5KG POCKET,"NAVEL,CL 1,L,*,*",5120,64,96,80,80,2014-12-11
10KG CARTON TELESCOPIC,"VALENCIA,CL 2,S,*,*",1860,93,930,20,20,2014-12-13
6KG POCKET,"VALENCIA,CL 2,S,*,*",2184,147,882,14.86,18,2014-12-13
2KG POCKET,"VALENCIA,CL 1,M,*,*",1510,272,544,5.55,6,2014-12-13
6KG POCKET,"VALENCIA,CL 2,M,*,*",11440,440,2640,26,26,2014-12-13
15KG CARTON TELESCOPIC,"VALENCIA,CL 1,*,105,*",4900,70,1050,70,70,2014-12-13
15KG CARTON TELESCOPIC,"VALENCIA,CL 2,*,105,*",24640,352,5280,70,70,2014-12-13
15KG CARTON TELESCOPIC,"MIDKNIGHT,CL 1,*,88,*",225,3,45,75,75,2014-12-13
15KG CARTON TELESCOPIC,"VALENCIA,CL 2,*,88,*",29820,373,5595,79.95,90,2014-12-13
15KG CARTON TELESCOPIC,"VALENCIA,CL 1,*,88,*",16810,197,2955,85.33,90,2014-12-13
15KG CARTON TELESCOPIC,"VALENCIA,CL 2,*,64,*",430,5,75,86,90,2014-12-13
15KG CARTON TELESCOPIC,"VALENCIA,CL 2,*,72,*",24570,276,4140,89.02,90,2014-12-13
15KG CARTON TELESCOPIC,"MIDKNIGHT,CL 1,*,40,*",630,7,105,90,90,2014-12-13
15KG CARTON TELESCOPIC,"MIDKNIGHT,CL 1,*,48,*",1170,13,195,90,90,2014-12-13
15KG CARTON TELESCOPIC,"MIDKNIGHT,CL 1,*,64,*",270,3,45,90,90,2014-12-13
15KG CARTON TELESCOPIC,"VALENCIA,CL 2,*,56,*",900,10,150,90,90,2014-12-13
15KG CARTON TELESCOPIC,"MIDKNIGHT,CL 1,*,72,*",1180,13,195,90.77,100,2014-12-13
15KG CARTON TELESCOPIC,"VALENCIA,CL 1,*,72,*",16640,181,2715,91.93,95,2014-12-13
15KG CARTON OPEN TOP,"VALENCIA,CL 1,*,65,*",8800,88,1320,100,100,2014-12-13
330KG BULK BIN,"VALENCIA,CL 1,*,*,*",800,2,660,400,400,2014-12-20
6KG POCKET,"NAVEL,CL 2,L,*,*",300,16,96,18.75,24,2014-12-20
15KG CARTON TELESCOPIC,"MIDKNIGHT,CL 1,*,64,*",1450,24,360,60.42,80,2014-12-20
6KG POCKET,"VALENCIA,CL 2,M,*,*",19812,757,4542,26.17,28,2014-12-20
15KG CARTON TELESCOPIC,"VALENCIA,CL 2,*,72,*",12500,180,2700,69.44,80,2014-12-20
15KG CARTON TELESCOPIC,"VALENCIA,CL 2,*,105,*",10500,150,2250,70,70,2014-12-20
15KG CARTON TELESCOPIC,"VALENCIA,CL 2,*,125,*",140,2,30,70,70,2014-12-20
15KG CARTON TELESCOPIC,"MIDKNIGHT,CL 1,*,48,*",1100,15,225,73.33,80,2014-12-20
15KG CARTON TELESCOPIC,"VALENCIA,CL 2,*,88,*",27240,358,5370,76.09,80,2014-12-20
15KG CARTON TELESCOPIC,"VALENCIA,CL 1,*,88,*",29580,379,5685,78.05,95,2014-12-20
15KG CARTON TELESCOPIC,"VALENCIA,CL 2,*,64,*",2190,27,405,81.11,90,2014-12-20
2KG POCKET,"VALENCIA,CL 1,M,*,*",4496,408,816,11.02,12,2014-12-20
15KG CARTON TELESCOPIC,"VALENCIA,CL 2,*,56,*",940,11,165,85.45,90,2014-12-20
15KG CARTON TELESCOPIC,"MIDKNIGHT,CL 1,*,56,*",1730,19,285,91.05,100,2014-12-20
15KG CARTON TELESCOPIC,"VALENCIA,CL 1,*,72,*",1880,20,300,94,95,2014-12-20
15KG CARTON OPEN TOP,"VALENCIA,CL 1,*,65,*",15500,155,2325,100,100,2014-12-20
15KG CARTON TELESCOPIC,"MIDKNIGHT,CL 1,*,88,*",300,3,45,100,100,2014-12-20
15KG CARTON TELESCOPIC,"VALENCIA,CL 1,*,48,*",440,4,60,110,110,2014-12-20
15KG CARTON TELESCOPIC,"MIDKNIGHT,CL 1,*,48,*",80,2,30,40,40,2014-12-24
15KG CARTON TELESCOPIC,"VALENCIA,CL 1,*,48,*",4150,83,1245,50,50,2014-12-24
10KG JUMBLE CARTON,"VALENCIA,CL 2,M,*,*",40,1,10,40,40,2014-12-24
15KG CARTON TELESCOPIC,"MIDKNIGHT,CL 1,*,88,*",660,11,165,60,60,2014-12-24
15KG CARTON TELESCOPIC,"MIDKNIGHT,CL 1,*,105,*",4240,70,1050,60.57,80,2014-12-24
6KG POCKET,"VALENCIA,CL 2,M,*,*",36427,1412,8472,25.8,26,2014-12-24
15KG CARTON TELESCOPIC,"VALENCIA,CL 2,*,48,*",9800,140,2100,70,70,2014-12-24
2KG POCKET,"VALENCIA,CL 1,M,*,*",5200,520,1040,10,10,2014-12-24
15KG CARTON TELESCOPIC,"VALENCIA,CL 2,*,56,*",1090,14,210,77.86,80,2014-12-24
15KG CARTON TELESCOPIC,"VALENCIA,CL 2,*,72,*",5900,75,1125,78.67,80,2014-12-24
15KG CARTON TELESCOPIC,"VALENCIA,CL 2,*,88,*",400,5,75,80,80,2014-12-24
15KG CARTON TELESCOPIC,"VALENCIA,CL 2,*,64,*",13600,160,2400,85,85,2014-12-24
10KG JUMBLE CARTON,"VALENCIA,CL 2,S,*,*",5280,88,880,60,60,2014-12-24
15KG CARTON TELESCOPIC,"VALENCIA,CL 1,*,88,*",13140,146,2190,90,90,2014-12-24
15KG CARTON TELESCOPIC,"VALENCIA,CL 1,*,105,*",7000,77,1155,90.91,100,2014-12-24
15KG CARTON TELESCOPIC,"VALENCIA,CL 1,*,56,*",7300,73,1095,100,100,2014-12-24
6KG POCKET,"NAVEL,CL 2,M,*,*",2455,136,816,18.05,20,2014-12-30
6KG POCKET,"VALENCIA,CL 2,M,*,*",4472,178,1068,25.12,26,2014-12-30
15KG CARTON TELESCOPIC,"VALENCIA,CL 1,*,88,*",29830,392,5880,76.1,90,2014-12-30
15KG CARTON TELESCOPIC,"VALENCIA,CL 2,*,88,*",129600,1680,25200,77.14,90,2014-12-30
15KG CARTON OPEN TOP,"VALENCIA,CL 1,*,105,*",6200,75,1125,82.67,100,2014-12-30
15KG CARTON TELESCOPIC,"VALENCIA,CL 1,*,125,*",580,7,105,82.86,100,2014-12-30
15KG CARTON TELESCOPIC,"MIDKNIGHT,CL 1,*,88,*",6050,70,1050,86.43,90,2014-12-30
15KG CARTON TELESCOPIC,"VALENCIA,CL 2,*,56,*",530,6,90,88.33,90,2014-12-30
15KG CARTON TELESCOPIC,"VALENCIA,CL 2,*,72,*",42320,478,7170,88.54,90,2014-12-30
15KG CARTON TELESCOPIC,"VALENCIA,CL 2,*,48,*",45300,510,7650,88.82,90,2014-12-30
15KG CARTON TELESCOPIC,"VALENCIA,CL 1,*,64,*",12600,140,2100,90,90,2014-12-30
15KG CARTON TELESCOPIC,"VALENCIA,CL 2,*,64,*",50400,560,8400,90,90,2014-12-30
15KG CARTON OPEN TOP,"VALENCIA,CL 1,*,65,*",800,8,120,100,100,2014-12-30
10KG JUMBLE CARTON,"VALENCIA,CL 2,M,*,*",140,2,20,70,70,2014-12-30
15KG CARTON TELESCOPIC,"VALENCIA,CL 1,*,48,*",110,1,15,110,110,2014-12-30
15KG CARTON TELESCOPIC,"VALENCIA,CL 1,*,40,*",920,8,120,115,140,2014-12-30
1.5KG POCKET,"NAVEL,CL 1,L,*,*",1960,28,42,70,70,2014-12-30
6KG POCKET,"NAVEL,CL 2,M,*,*",520,38,228,13.68,15,2015-01-05
15KG CARTON TELESCOPIC,"VALENCIA,CL 2,*,72,*",7240,101,1515,71.68,90,2015-01-05
15KG CARTON TELESCOPIC,"VALENCIA,CL 2,*,64,*",2894,39,585,74.21,90,2015-01-05
15KG CARTON TELESCOPIC,"VALENCIA,CL 1,*,105,*",6400,80,1200,80,80,2015-01-05
15KG CARTON TELESCOPIC,"VALENCIA,CL 1,*,88,*",25600,320,4800,80,80,2015-01-05
15KG CARTON TELESCOPIC,"VALENCIA,CL 2,*,88,*",18400,230,3450,80,80,2015-01-05
15KG CARTON TELESCOPIC,"MIDKNIGHT,CL 1,*,88,*",2700,30,450,90,90,2015-01-05
15KG CARTON OPEN TOP,"VALENCIA,CL 1,*,65,*",11100,120,1800,92.5,100,2015-01-05
15KG CARTON TELESCOPIC,"VALENCIA,CL 1,*,72,*",18000,190,2850,94.74,120,2015-01-05
15KG CARTON TELESCOPIC,"VALENCIA,CL 1,*,64,*",770,7,105,110,110,2015-01-05
15KG CARTON OPEN TOP,"VALENCIA,CL 1,*,65,*",1400,58,870,24.14,100,2015-01-07
15KG CARTON TELESCOPIC,"MIDKNIGHT,CL 1,*,88,*",67770,791,11865,85.68,90,2015-01-07
15KG CARTON TELESCOPIC,"VALENCIA,CL 1,*,40,*",14400,160,2400,90,0,2015-01-07
15KG CARTON TELESCOPIC,"VALENCIA,CL 1,*,48,*",14400,160,2400,90,90,2015-01-07
15KG CARTON TELESCOPIC,"VALENCIA,CL 1,*,56,*",7200,80,1200,90,90,2015-01-07
15KG CARTON TELESCOPIC,"VALENCIA,CL 1,*,64,*",22280,247,3705,90.2,140,2015-01-07
15KG CARTON TELESCOPIC,"VALENCIA,CL 1,*,72,*",670,6,90,111.67,120,2015-01-07
15KG CARTON TELESCOPIC,"VALENCIA,CL 1,*,88,*",17850,410,6150,43.54,130,2015-01-07
15KG CARTON TELESCOPIC,"VALENCIA,CL 2,*,105,*",4850,97,1455,50,50,2015-01-07
15KG CARTON TELESCOPIC,"VALENCIA,CL 2,*,40,*",14400,160,2400,90,90,2015-01-07
15KG CARTON TELESCOPIC,"VALENCIA,CL 2,*,48,*",7200,80,1200,90,90,2015-01-07
15KG CARTON TELESCOPIC,"VALENCIA,CL 2,*,56,*",2660,38,570,70,70,2015-01-07
15KG CARTON TELESCOPIC,"VALENCIA,CL 2,*,64,*",14400,160,2400,90,90,2015-01-07
15KG CARTON TELESCOPIC,"VALENCIA,CL 2,*,72,*",115620,1301,19515,88.87,90,2015-01-07
15KG CARTON TELESCOPIC,"VALENCIA,CL 2,*,88,*",24570,410,6150,59.93,80,2015-01-07
"15KG CARTON OPEN TOP","VALENCIA,CL 1,*,65,*",12200,"122.00","1830.00",100,100,2015-01-08
"15KG CARTON TELESCOPIC","MIDKNIGHT,CL 1,*,88,*",22800,"253.00","3795.00",90.12,100,2015-01-08
"15KG CARTON TELESCOPIC","VALENCIA,CL 1,*,105,*",7200,"80.00","1200.00",90,90,2015-01-08
"15KG CARTON TELESCOPIC","VALENCIA,CL 1,*,125,*",6000,"80.00","1200.00",75,75,2015-01-08
"15KG CARTON TELESCOPIC","VALENCIA,CL 1,*,48,*",2200,"20.00","300.00",110,110,2015-01-08
"15KG CARTON TELESCOPIC","VALENCIA,CL 1,*,56,*",12300,"104.00","1560.00",118.27,120,2015-01-08
"15KG CARTON TELESCOPIC","VALENCIA,CL 1,*,64,*",19300,"168.00","2520.00",114.88,130,2015-01-08
"15KG CARTON TELESCOPIC","VALENCIA,CL 1,*,72,*",12800,"160.00","2400.00",80,80,2015-01-08
"15KG CARTON TELESCOPIC","VALENCIA,CL 1,*,88,*",32440,"324.00","4860.00",100.12,110,2015-01-08
"15KG CARTON TELESCOPIC","VALENCIA,CL 2,*,125,*",100,"2.00","30.00",50,50,2015-01-08
"15KG CARTON TELESCOPIC","VALENCIA,CL 2,*,64,*",4200,"140.00","2100.00",30,30,2015-01-08
"15KG CARTON TELESCOPIC","VALENCIA,CL 2,*,72,*",33170,"408.00","6120.00",81.3,90,2015-01-08
"15KG CARTON TELESCOPIC","VALENCIA,CL 2,*,88,*",48550,"605.00","9075.00",80.25,90,2015-01-08
"1.5KG POCKET","NAVEL,CL 1,L,*,*",120,"3.00","4.50",40,40,2015-01-13
"15KG CARTON OPEN TOP","VALENCIA,CL 1,*,65,*",14725,"128.00","1920.00",115.04,120,2015-01-13
"15KG CARTON OPEN TOP","VALENCIA,CL 1,*,90,*",8050,"70.00","1050.00",115,115,2015-01-13
"15KG CARTON TELESCOPIC","VALENCIA,CL 1,*,105,*",50,"1.00","15.00",50,50,2015-01-13
"15KG CARTON TELESCOPIC","VALENCIA,CL 1,*,48,*",6160,"56.00","840.00",110,110,2015-01-13
"15KG CARTON TELESCOPIC","VALENCIA,CL 1,*,56,*",5390,"49.00","735.00",110,110,2015-01-13
"15KG CARTON TELESCOPIC","VALENCIA,CL 1,*,64,*",6620,"62.00","930.00",106.77,110,2015-01-13
"15KG CARTON TELESCOPIC","VALENCIA,CL 1,*,72,*",33310,"350.00","5250.00",95.17,120,2015-01-13
"15KG CARTON TELESCOPIC","VALENCIA,CL 1,*,88,*",12315,"119.00","1785.00",103.49,110,2015-01-13
"15KG CARTON TELESCOPIC","VALENCIA,CL 2,*,72,*",18215,"232.00","3480.00",78.51,90,2015-01-13
"10KG JUMBLE CARTON","VALENCIA,CL 2,L,*,*",560,"8.00","80.00",70,70,2015-01-14
"10KG JUMBLE CARTON","VALENCIA,CL 2,S,*,*",50,"1.00","10.00",50,50,2015-01-14
"15KG CARTON OPEN TOP","VALENCIA,CL 1,*,65,*",7970,"72.00","1080.00",110.69,120,2015-01-14
"15KG CARTON OPEN TOP","VALENCIA,CL 1,*,90,*",880,"8.00","120.00",110,110,2015-01-14
"15KG CARTON TELESCOPIC","CARA CARA NAVEL,CL 1,*,105,*",60,"3.00","45.00",20,20,2015-01-14
"15KG CARTON TELESCOPIC","MIDKNIGHT,CL 1,*,88,*",1020,"51.00","765.00",20,20,2015-01-14
"15KG CARTON TELESCOPIC","VALENCIA,CL 1,*,125,*",95,"1.00","15.00",95,95,2015-01-14
"15KG CARTON TELESCOPIC","VALENCIA,CL 1,*,56,*",10500,"210.00","3150.00",50,50,2015-01-14
"15KG CARTON TELESCOPIC","VALENCIA,CL 1,*,64,*",400,"5.00","75.00",80,80,2015-01-14
"15KG CARTON TELESCOPIC","VALENCIA,CL 1,*,72,*",4000,"80.00","1200.00",50,50,2015-01-14
"15KG CARTON TELESCOPIC","VALENCIA,CL 1,*,88,*",8000,"160.00","2400.00",50,50,2015-01-14
"15KG CARTON TELESCOPIC","VALENCIA,CL 2,*,64,*",16000,"320.00","4800.00",50,50,2015-01-14
"15KG CARTON TELESCOPIC","VALENCIA,CL 2,*,72,*",29340,"387.00","5805.00",75.81,80,2015-01-14
"10KG CARTON TELESCOPIC","VALENCIA,CL 2,M,*,*",1245,"23.00","230.00",54.13,60,2015-01-17
"10KG JUMBLE CARTON","VALENCIA,CL 2,L,*,*",70,"1.00","10.00",70,70,2015-01-17
"10KG JUMBLE CARTON","VALENCIA,CL 2,S,*,*",3555,"79.00","790.00",45,45,2015-01-17
"15KG CARTON OPEN TOP","VALENCIA,CL 1,*,60,*",9750,"195.00","2925.00",50,50,2015-01-17
"15KG CARTON OPEN TOP","VALENCIA,CL 1,*,70,*",19800,"410.00","6150.00",48.29,50,2015-01-17
"15KG CARTON OPEN TOP","VALENCIA,CL 1,*,90,*",26920,"267.00","4005.00",100.82,110,2015-01-17
"15KG CARTON TELESCOPIC","VALENCIA,CL 1,*,105,*",5120,"128.00","1920.00",40,40,2015-01-17
"15KG CARTON TELESCOPIC","VALENCIA,CL 1,*,125,*",3520,"44.00","660.00",80,80,2015-01-17
"15KG CARTON TELESCOPIC","VALENCIA,CL 1,*,64,*",9680,"241.00","3615.00",40.17,80,2015-01-17
"15KG CARTON TELESCOPIC","VALENCIA,CL 1,*,72,*",13040,"309.00","4635.00",42.2,80,2015-01-17
"15KG CARTON TELESCOPIC","VALENCIA,CL 1,*,88,*",24120,"603.00","9045.00",40,40,2015-01-17
"15KG CARTON TELESCOPIC","VALENCIA,CL 2,*,105,*",17400,"404.00","6060.00",43.07,50,2015-01-17
"15KG CARTON TELESCOPIC","VALENCIA,CL 2,*,56,*",6400,"160.00","2400.00",40,40,2015-01-17
"15KG CARTON TELESCOPIC","VALENCIA,CL 2,*,64,*",3200,"80.00","1200.00",40,40,2015-01-17
"15KG CARTON TELESCOPIC","VALENCIA,CL 2,*,72,*",33380,"560.00","8400.00",59.61,80,2015-01-17
"15KG CARTON TELESCOPIC","VALENCIA,CL 2,*,88,*",33200,"830.00","12450.00",40,40,2015-01-17
"330KG BULK BIN","VALENCIA,CL 1,*,*,*",149688,"378.00","124740.00",396,396,2015-01-17
"6KG POCKET","VALENCIA,CL 2,M,*,*",865,"43.00","258.00",20.12,25,2015-01-17
"10KG JUMBLE CARTON","VALENCIA,CL 2,S,*,*",1600,"40.00","400.00",40,40,2015-01-20
"15KG CARTON OPEN TOP","VALENCIA,CL 1,*,90,*",1500,"15.00","225.00",100,100,2015-01-20
"15KG CARTON TELESCOPIC","VALENCIA,CL 2,*,72,*",780,"10.00","150.00",78,80,2015-01-20
"6KG POCKET","VALENCIA,CL 2,M,*,*",6908,"222.00","1332.00",31.12,35,2015-01-20
