"UnitMass","ProductName","tvaluesold","tquantitysold","tkgsold","avgprice","highestprice","date"
"1.5KG TRAY","BLACK GEM,CL 1,*,*,*",6048,504,756,12,12,2015-01-07
"1.5KG TRAY","CRIMSON SEEDLESS,CL 1,*,*,*",13364,828,1242,16.14,18,2015-01-07
"1.5KG TRAY","DAN-BEN-HANNA,CL 1,*,*,*",740,37,55.5,20,20,2015-01-07
"1.5KG TRAY","FLAME SEEDLESS,CL 1,*,*,*",7166,543,814.5,13.2,16,2015-01-07
"1.5KG TRAY","PRIME SEEDLESS,CL 1,*,*,*",24630,1488,2232,16.55,77,2015-01-07
"1.5KG TRAY","RALLI,CL 1,*,*,*",640,32,48,20,20,2015-01-07
"1.5KG TRAY","STARLIGHT,CL 1,*,*,*",5296,326,489,16.25,18,2015-01-07
"1.5KG TRAY","SUGRA13,CL 1,*,*,*",19664,1053,1579.5,18.67,20,2015-01-07
"1.5KG TRAY","SUGRAONE,CL 1,*,*,*",2498,136,204,18.37,20,2015-01-07
"1.5KG TRAY","THOMPSON SEEDLESS,CL 1,*,*,*",97180,5511,8266.5,17.63,20,2015-01-07
"1.5KG TRAY","VICTORIA,CL 1,*,*,*",4489,268,402,16.75,18,2015-01-07
"4.5KG WRAP TRAY","BLACK GEM,CL 1,*,*,*",9100,115,517.5,79.13,80,2015-01-07
"4.5KG WRAP TRAY","CRIMSON SEEDLESS,*,*,*,*",2480,31,139.5,80,80,2015-01-07
"4.5KG WRAP TRAY","DAN-BEN-HANNA,CL 1,*,*,*",9670,130,585,74.38,90,2015-01-07
"4.5KG WRAP TRAY","EVANS DELIGHT,CL 1,*,*,*",4720,57,256.5,82.81,90,2015-01-07
"4.5KG WRAP TRAY","FLAME SEEDLESS,CL 1,*,*,*",2720,34,153,80,80,2015-01-07
"4.5KG WRAP TRAY","PRIME SEEDLESS,CL 1,*,*,*",6040,82,369,73.66,90,2015-01-07
"4.5KG WRAP TRAY","RALLI,CL 1,*,*,*",7530,88,396,85.57,90,2015-01-07
"4.5KG WRAP TRAY","RED GLOBE,CL 1,*,*,*",65849,856,3852,76.93,110,2015-01-07
"4.5KG WRAP TRAY","REGAL,CL 1,*,*,*",120,2,9,60,60,2015-01-07
"4.5KG WRAP TRAY","STARLIGHT,CL 1,*,*,*",5370,64,288,83.91,90,2015-01-07
"4.5KG WRAP TRAY","SUGRA13,CL 1,*,*,*",10310,117,526.5,88.12,100,2015-01-07
"4.5KG WRAP TRAY","SUGRA16,CL 1,*,*,BLACK",450,5,22.5,90,90,2015-01-07
"4.5KG WRAP TRAY","SUGRAONE,CL 1,*,*,*",16460,224,1008,73.48,90,2015-01-07
"4.5KG WRAP TRAY","VICTORIA,CL 1,*,*,*",5470,68,306,80.44,90,2015-01-07
"500G PUNNET PACK BOX","BLACK GEM,CL 1,*,10,*",18360,220,1100,83.45,100,2015-01-07
"500G PUNNET PACK BOX","CRIMSON SEEDLESS,CL 1,*,10,*",47940,502,2510,95.5,132,2015-01-07
"500G PUNNET PACK BOX","DAN-BEN-HANNA,CL 1,*,10,*",3570,49,245,72.86,80,2015-01-07
"500G PUNNET PACK BOX","EARLY SWEET,CL 1,*,10,*",15030,162,810,92.78,120,2015-01-07
"500G PUNNET PACK BOX","FLAME SEEDLESS,CL 1,*,10,*",5550,231,1155,24.03,80,2015-01-07
"500G PUNNET PACK BOX","FLAME/PRIME SEEDLESS,CL 1,*,10,*",3480,34,170,102.35,110,2015-01-07
"500G PUNNET PACK BOX","MOONBALLS,CL 1,*,10,*",29280,223,1115,131.3,150,2015-01-07
"500G PUNNET PACK BOX","MUSCAT DELIGHT,CL 1,*,10,*",700,5,25,140,140,2015-01-07
"500G PUNNET PACK BOX","PRIME SEEDLESS,CL 1,*,10,*",31655,338,1690,93.65,120,2015-01-07
"500G PUNNET PACK BOX","RED GLOBE,CL 1,*,10,*",132090,1454,7270,90.85,130,2015-01-07
"500G PUNNET PACK BOX","REGAL,CL 1,*,10,*",13120,123,615,106.67,120,2015-01-07
"500G PUNNET PACK BOX","STARLIGHT,CL 1,*,10,*",10119,115,575,87.99,99,2015-01-07
"500G PUNNET PACK BOX","SUGRA13,CL 1,*,10,*",25060,244,1220,102.7,120,2015-01-07
"500G PUNNET PACK BOX","SUGRA16,CL 1,*,10,BLACK",1840,23,115,80,80,2015-01-07
"500G PUNNET PACK BOX","SUGRAONE,CL 1,*,10,*",15270,226,1130,67.57,110,2015-01-07
"500G PUNNET PACK BOX","THOMPSON SEEDLESS,CL 1,*,10,*",4240,48,240,88.33,120,2015-01-07
"500G PUNNET PACK BOX","VICTORIA,CL 1,*,10,*",17705,194,970,91.26,110,2015-01-07
"5KG JUMBLE CARTON","DAUPHINE,CL 2,*,*,*",116,2,10,58,58,2015-01-07
"9KG JUMBLE CARTON","ALMERIA,CL 2,*,*,*",38080,660,5940,57.7,100,2015-01-07
"9KG JUMBLE CARTON","DAN-BEN-HANNA,CL 2,*,*,*",210,7,63,30,30,2015-01-07
"9KG JUMBLE CARTON","FLAME SEEDLESS,CL 2,*,*,*",5531,131,1179,42.22,65,2015-01-07
"9KG JUMBLE CARTON","PRIME SEEDLESS,CL 2,*,*,*",12385,390,3510,31.76,50,2015-01-07
"9KG JUMBLE CARTON","REGAL,CL 2,*,*,*",66662,1227,11043,54.33,70,2015-01-07
"1.5KG TRAY","BLACK GEM,CL 1,*,*,*",17572,1461,2191.5,12.03,20,2015-01-08
"1.5KG TRAY","CRIMSON SEEDLESS,CL 1,*,*,*",40374,2523,3784.5,16,18,2015-01-08
"1.5KG TRAY","DAN-BEN-HANNA,CL 1,*,*,*",11862,662,993,17.92,18,2015-01-08
"1.5KG TRAY","FLAME SEEDLESS,CL 1,*,*,*",13353,909,1363.5,14.69,18,2015-01-08
"1.5KG TRAY","PRIME SEEDLESS,CL 1,*,*,*",5247,338,507,15.52,18,2015-01-08
"1.5KG TRAY","RALLI,CL 1,*,*,*",9195,682,1023,13.48,17,2015-01-08
"1.5KG TRAY","REGAL,CL 1,*,*,*",8978,505,757.5,17.78,18,2015-01-08
"1.5KG TRAY","STARLIGHT,CL 1,*,*,*",5950,385,577.5,15.45,18,2015-01-08
"1.5KG TRAY","SUGRA13,CL 1,*,*,*",8752,547,820.5,16,16,2015-01-08
"1.5KG TRAY","THOMPSON SEEDLESS,CL 1,*,*,*",113891,6458,9687,17.64,20,2015-01-08
"1.5KG TRAY","VICTORIA,CL 1,*,*,*",12835,746,1119,17.21,18,2015-01-08
"4.5KG WRAP TRAY","BLACK GEM,CL 1,*,*,*",8610,539,2425.5,15.97,90,2015-01-08
"4.5KG WRAP TRAY","CRIMSON SEEDLESS,*,*,*,*",10800,180,810,60,60,2015-01-08
"4.5KG WRAP TRAY","DAN-BEN-HANNA,CL 1,*,*,*",1150,15,67.5,76.67,80,2015-01-08
"4.5KG WRAP TRAY","EVANS DELIGHT,CL 1,*,*,*",4000,49,220.5,81.63,90,2015-01-08
"4.5KG WRAP TRAY","FLAME SEEDLESS,CL 1,*,*,*",160,2,9,80,80,2015-01-08
"4.5KG WRAP TRAY","MUSCAT DELIGHT,CL 1,*,*,*",1050,11,49.5,95.45,100,2015-01-08
"4.5KG WRAP TRAY","PRIME SEEDLESS,CL 1,*,*,*",4810,146,657,32.95,80,2015-01-08
"4.5KG WRAP TRAY","RALLI,CL 1,*,*,*",50740,678,3051,74.84,85,2015-01-08
"4.5KG WRAP TRAY","RED GLOBE,CL 1,*,*,*",42100,551,2479.5,76.41,90,2015-01-08
"4.5KG WRAP TRAY","REGAL,CL 1,*,*,*",775,10,45,77.5,80,2015-01-08
"4.5KG WRAP TRAY","STARLIGHT,CL 1,*,*,*",2830,34,153,83.24,90,2015-01-08
"4.5KG WRAP TRAY","SUGRA13,CL 1,*,*,*",16830,229,1030.5,73.49,110,2015-01-08
"4.5KG WRAP TRAY","SUGRAONE,CL 1,*,*,*",113450,1582,7119,71.71,80,2015-01-08
"4.5KG WRAP TRAY","VICTORIA,CL 1,*,*,*",6420,83,373.5,77.35,80,2015-01-08
"4KG WRAP TRAY","PIROBELLA,CL 1,*,*,*",1520,38,152,40,40,2015-01-08
"500G PUNNET PACK BOX","BLACK GEM,CL 1,*,10,*",3970,43,215,92.33,100,2015-01-08
"500G PUNNET PACK BOX","CRIMSON SEEDLESS,CL 1,*,10,*",71960,747,3735,96.33,120,2015-01-08
"500G PUNNET PACK BOX","DAN-BEN-HANNA,CL 1,*,10,*",600,10,50,60,60,2015-01-08
"500G PUNNET PACK BOX","EARLY SWEET,CL 1,*,10,*",6380,72,360,88.61,90,2015-01-08
"500G PUNNET PACK BOX","FLAME SEEDLESS,CL 1,*,10,*",6098,66,330,92.39,120,2015-01-08
"500G PUNNET PACK BOX","FLAME/PRIME SEEDLESS,CL 1,*,10,*",100,1,5,100,100,2015-01-08
"500G PUNNET PACK BOX","PRIME SEEDLESS,CL 1,*,10,*",36695,420,2100,87.37,100,2015-01-08
"500G PUNNET PACK BOX","RED GLOBE,CL 1,*,10,*",48200,504,2520,95.63,120,2015-01-08
"500G PUNNET PACK BOX","REGAL,CL 1,*,10,*",22220,220,1100,101,110,2015-01-08
"500G PUNNET PACK BOX","STARLIGHT,CL 1,*,10,*",9878,112,560,88.2,99,2015-01-08
"500G PUNNET PACK BOX","SUGRA13,CL 1,*,10,*",22685,239,1195,94.92,120,2015-01-08
"500G PUNNET PACK BOX","SUGRAONE,CL 1,*,10,*",47030,591,2955,79.58,110,2015-01-08
"500G PUNNET PACK BOX","VICTORIA,CL 1,*,10,*",8280,91,455,90.99,100,2015-01-08
"5KG JUMBLE CARTON","DAUPHINE,CL 2,*,*,*",670,67,335,10,10,2015-01-08
"9KG CARTON BOX","PRIME SEEDLESS,CL 1,*,*,*",2620,20,180,131,140,2015-01-08
"9KG JUMBLE CARTON","ALMERIA,CL 2,*,*,*",43020,708,6372,60.76,75,2015-01-08
"9KG JUMBLE CARTON","BLACK EMPEROR,CL 2,*,*,*",1020,34,306,30,30,2015-01-08
"9KG JUMBLE CARTON","FLAME SEEDLESS,CL 2,*,*,*",29874,941,8469,31.75,65,2015-01-08
"9KG JUMBLE CARTON","REGAL,CL 2,*,*,*",8596,168,1512,51.17,52,2015-01-08
"1.5KG TRAY","BLACK GEM,CL 1,*,*,*",5040,504,756,10,10,2015-01-13
"1.5KG TRAY","CRIMSON SEEDLESS,CL 1,*,*,*",150,10,15,15,15,2015-01-13
"1.5KG TRAY","DAN-BEN-HANNA,CL 1,*,*,*",75,5,7.5,15,15,2015-01-13
"1.5KG TRAY","EARLY SWEET,CL 1,*,*,*",15120,1008,1512,15,15,2015-01-13
"1.5KG TRAY","FLAME SEEDLESS,CL 1,*,*,*",1913,560,840,3.42,15,2015-01-13
"1.5KG TRAY","PRIME SEEDLESS,CL 1,*,*,*",15522,1061,1591.5,14.63,16,2015-01-13
"1.5KG TRAY","RED GLOBE,CL 1,*,*,*",3850,197,295.5,19.54,20,2015-01-13
"1.5KG TRAY","STARLIGHT,CL 1,*,*,*",10562,655,982.5,16.13,90,2015-01-13
"1.5KG TRAY","SUGRA13,CL 1,*,*,*",15316,1273,1909.5,12.03,18,2015-01-13
"1.5KG TRAY","SUGRAONE,CL 1,*,*,*",2360,134,201,17.61,18,2015-01-13
"1.5KG TRAY","THOMPSON SEEDLESS,CL 1,*,*,*",36655,2273,3409.5,16.13,18,2015-01-13
"1.5KG TRAY","VICTORIA,CL 1,*,*,*",4119,343,514.5,12.01,15,2015-01-13
"4.5KG WRAP TRAY","AFRICAN DELIGHT,CL 1,*,*,*",3400,34,153,100,100,2015-01-13
"4.5KG WRAP TRAY","BLACK GEM,CL 1,*,*,*",3850,338,1521,11.39,90,2015-01-13
"4.5KG WRAP TRAY","CRIMSON SEEDLESS,*,*,*,*",240,3,13.5,80,80,2015-01-13
"4.5KG WRAP TRAY","DAN-BEN-HANNA,CL 1,*,*,*",7740,215,967.5,36,60,2015-01-13
"4.5KG WRAP TRAY","FLAME SEEDLESS,CL 1,*,*,*",3200,64,288,50,50,2015-01-13
"4.5KG WRAP TRAY","MUSCAT DELIGHT,CL 1,*,*,*",8360,76,342,110,120,2015-01-13
"4.5KG WRAP TRAY","PRIME SEEDLESS,CL 1,*,*,*",420,31,139.5,13.55,60,2015-01-13
"4.5KG WRAP TRAY","RALLI,CL 1,*,*,*",80,1,4.5,80,80,2015-01-13
"4.5KG WRAP TRAY","RED GLOBE,CL 1,*,*,*",22375,424,1908,52.77,85,2015-01-13
"4.5KG WRAP TRAY","STARLIGHT,CL 1,*,*,*",4510,52,234,86.73,90,2015-01-13
"4.5KG WRAP TRAY","SUGRA13,CL 1,*,*,*",7440,93,418.5,80,80,2015-01-13
"4.5KG WRAP TRAY","SUGRA16,CL 1,*,*,BLACK",70,1,4.5,70,70,2015-01-13
"4.5KG WRAP TRAY","SUGRAONE,CL 1,*,*,*",7980,111,499.5,71.89,80,2015-01-13
"4.5KG WRAP TRAY","VICTORIA,CL 1,*,*,*",1610,25,112.5,64.4,70,2015-01-13
"500G PUNNET PACK BOX","CRIMSON SEEDLESS,CL 1,*,10,*",37090,410,2050,90.46,95,2015-01-13
"500G PUNNET PACK BOX","DAN-BEN-HANNA,CL 1,*,10,*",2100,30,150,70,70,2015-01-13
"500G PUNNET PACK BOX","FLAME SEEDLESS,CL 1,*,10,*",380,4,20,95,95,2015-01-13
"500G PUNNET PACK BOX","FLAME/PRIME SEEDLESS,CL 1,*,10,*",690,8,40,86.25,90,2015-01-13
"500G PUNNET PACK BOX","MUSCAT DELIGHT,CL 1,*,10,*",260,2,10,130,130,2015-01-13
"500G PUNNET PACK BOX","PRIME SEEDLESS,CL 1,*,10,*",11110,133,665,83.53,90,2015-01-13
"500G PUNNET PACK BOX","RED GLOBE,CL 1,*,10,*",34850,372,1860,93.68,132,2015-01-13
"500G PUNNET PACK BOX","SUGRA13,CL 1,*,10,*",1140,12,60,95,100,2015-01-13
"500G PUNNET PACK BOX","SUGRAONE,CL 1,*,10,*",5390,68,340,79.26,100,2015-01-13
"500G PUNNET PACK BOX","THOMPSON SEEDLESS,CL 1,*,10,*",2610,29,145,90,90,2015-01-13
"500G PUNNET PACK BOX","VICTORIA,CL 1,*,10,*",450,5,25,90,90,2015-01-13
"9KG CARTON BOX","PRIME SEEDLESS,CL 1,*,*,*",2000,20,180,100,100,2015-01-13
"9KG JUMBLE CARTON","ALMERIA,CL 2,*,*,*",225930,3125,28125,72.3,95,2015-01-13
"9KG JUMBLE CARTON","BARLINKA,CL 2,*,*,*",4610,64,576,72.03,75,2015-01-13
"9KG JUMBLE CARTON","BLACK EMPEROR,CL 2,*,*,*",34225,457,4113,74.89,80,2015-01-13
"9KG JUMBLE CARTON","FLAME SEEDLESS,CL 2,*,*,*",12008,456,4104,26.33,45,2015-01-13
"9KG JUMBLE CARTON","PRIME SEEDLESS,CL 2,*,*,*",5095,100,900,50.95,55,2015-01-13
"9KG JUMBLE CARTON","REGAL,CL 2,*,*,*",4560,76,684,60,60,2015-01-13
"1.5KG TRAY","CRIMSON SEEDLESS,CL 1,*,*,*",30834,2165,3247.5,14.24,20,2015-01-14
"1.5KG TRAY","DAN-BEN-HANNA,CL 1,*,*,*",2016,163,244.5,12.37,18,2015-01-14
"1.5KG TRAY","FLAME SEEDLESS,CL 1,*,*,*",15504,1510,2265,10.27,18,2015-01-14
"1.5KG TRAY","MIDNIGHT BEAUTY,CL 1,*,*,*",936,52,78,18,18,2015-01-14
"1.5KG TRAY","PRIME SEEDLESS,CL 1,*,*,*",514,35,52.5,14.69,14,2015-01-14
"1.5KG TRAY","RED GLOBE,CL 1,*,*,*",12375,638,957,19.4,20,2015-01-14
"1.5KG TRAY","STARLIGHT,CL 1,*,*,*",1494,83,124.5,18,18,2015-01-14
"1.5KG TRAY","SUGRA13,CL 1,*,*,*",1543,501,751.5,3.08,18,2015-01-14
"1.5KG TRAY","SUGRAONE,CL 1,*,*,*",17459,1138,1707,15.34,18,2015-01-14
"1.5KG TRAY","THOMPSON SEEDLESS,CL 1,*,*,*",58711,3920,5880,14.98,18,2015-01-14
"4.5KG WRAP TRAY","AFRICAN DELIGHT,CL 1,*,*,*",3670,42,189,87.38,90,2015-01-14
"4.5KG WRAP TRAY","BLACK GEM,CL 1,*,*,*",22440,1020,4590,22,22,2015-01-14
"4.5KG WRAP TRAY","DAN-BEN-HANNA,CL 1,*,*,*",5265,181,814.5,29.09,80,2015-01-14
"4.5KG WRAP TRAY","EVANS DELIGHT,CL 1,*,*,*",3120,39,175.5,80,80,2015-01-14
"4.5KG WRAP TRAY","MUSCAT DELIGHT,CL 1,*,*,*",12770,121,544.5,105.54,120,2015-01-14
"4.5KG WRAP TRAY","PRIME SEEDLESS,CL 1,*,*,*",1540,23,103.5,66.96,80,2015-01-14
"4.5KG WRAP TRAY","RALLI,CL 1,*,*,*",4440,64,288,69.38,70,2015-01-14
"4.5KG WRAP TRAY","RED GLOBE,CL 1,*,*,*",31885,631,2839.5,50.53,100,2015-01-14
"4.5KG WRAP TRAY","STARLIGHT,CL 1,*,*,*",80,1,4.5,80,80,2015-01-14
"4.5KG WRAP TRAY","SUGRA13,CL 1,*,*,*",2355,34,153,69.26,70,2015-01-14
"4.5KG WRAP TRAY","SUGRAONE,CL 1,*,*,*",14690,215,967.5,68.33,80,2015-01-14
"4.5KG WRAP TRAY","VICTORIA,CL 1,*,*,*",1550,25,112.5,62,70,2015-01-14
"500G PUNNET PACK BOX","BLACK GEM,CL 1,*,10,*",33340,819,4095,40.71,100,2015-01-14
"500G PUNNET PACK BOX","CRIMSON SEEDLESS,CL 1,*,10,*",62710,746,3730,84.06,100,2015-01-14
"500G PUNNET PACK BOX","DAN-BEN-HANNA,CL 1,*,10,*",600,10,50,60,60,2015-01-14
"500G PUNNET PACK BOX","DESERT SEEDLESS,CL 1,*,10,BLACK",1385,17,85,81.47,85,2015-01-14
"500G PUNNET PACK BOX","EARLY SWEET,CL 1,*,10,*",9410,132,660,71.29,85,2015-01-14
"500G PUNNET PACK BOX","EVANS DELIGHT,CL 1,*,10,RED",3600,120,600,30,30,2015-01-14
"500G PUNNET PACK BOX","FLAME SEEDLESS,CL 1,*,10,*",23955,1085,5425,22.08,90,2015-01-14
"500G PUNNET PACK BOX","MIDNIGHT BEAUTY,CL 1,*,10,*",8000,100,500,80,80,2015-01-14
"500G PUNNET PACK BOX","MOONBALLS,CL 1,*,10,*",3700,37,185,100,100,2015-01-14
"500G PUNNET PACK BOX","MUSCAT DELIGHT,CL 1,*,10,*",2620,22,110,119.09,130,2015-01-14
"500G PUNNET PACK BOX","MYSTERY,CL 1,*,10,*",3010,43,215,70,70,2015-01-14
"500G PUNNET PACK BOX","PRIME SEEDLESS,CL 1,*,10,*",22530,283,1415,79.61,100,2015-01-14
"500G PUNNET PACK BOX","RED GLOBE,CL 1,*,10,*",32825,372,1860,88.24,110,2015-01-14
"500G PUNNET PACK BOX","REGAL,CL 1,*,10,*",1700,19,95,89.47,100,2015-01-14
"500G PUNNET PACK BOX","SUGRA13,CL 1,*,10,*",13735,223,1115,61.59,100,2015-01-14
"500G PUNNET PACK BOX","SUGRA16,CL 1,*,10,BLACK",1500,20,100,75,80,2015-01-14
"500G PUNNET PACK BOX","SUGRAONE,CL 1,*,10,*",19590,258,1290,75.93,100,2015-01-14
"500G PUNNET PACK BOX","THOMPSON SEEDLESS,CL 1,*,10,*",400,5,25,80,80,2015-01-14
"500G PUNNET PACK BOX","VICTORIA,CL 1,*,10,*",11120,143,715,77.76,80,2015-01-14
"500G PUNNET PACK BOX","WHITE HANEPOORT,CL 1,*,10,*",3050,305,1525,10,10,2015-01-14
"9KG CARTON BOX","PRIME SEEDLESS,CL 1,*,*,*",3000,30,270,100,100,2015-01-14
"9KG JUMBLE CARTON","ALMERIA,CL 2,*,*,*",29900,520,4680,57.5,70,2015-01-14
"9KG JUMBLE CARTON","BARLINKA,CL 2,*,*,*",7850,106,954,74.06,75,2015-01-14
"9KG JUMBLE CARTON","BLACK EMPEROR,CL 2,*,*,*",905,22,198,41.14,65,2015-01-14
"9KG JUMBLE CARTON","CRIMSON SEEDLESS,CL 2,*,*,*",22540,294,2646,76.67,80,2015-01-14
"9KG JUMBLE CARTON","FLAME SEEDLESS,CL 2,*,*,*",9445,430,3870,21.97,55,2015-01-14
"9KG JUMBLE CARTON","PRIME SEEDLESS,CL 2,*,*,*",1840,71,639,25.92,40,2015-01-14
"9KG JUMBLE CARTON","REGAL,CL 2,*,*,*",20401,357,3213,57.15,60,2015-01-14
"1.5KG TRAY","CRIMSON SEEDLESS,CL 1,*,*,*",4095,240,360,17.06,18,2015-01-17
"1.5KG TRAY","FLAME SEEDLESS,CL 1,*,*,*",12621,990,1485,12.75,18,2015-01-17
"1.5KG TRAY","LA ROCHELLE,CL 1,*,*,*",3301,197,295.5,16.76,18,2015-01-17
"1.5KG TRAY","MIDNIGHT BEAUTY,CL 1,*,*,*",6864,400,600,17.16,18,2015-01-17
"1.5KG TRAY","PRIME SEEDLESS,CL 1,*,*,*",76,4,6,19,20,2015-01-17
"1.5KG TRAY","RED GLOBE,CL 1,*,*,*",26082,1460,2190,17.86,20,2015-01-17
"1.5KG TRAY","SUGRA13,CL 1,*,*,*",3951,263,394.5,15.02,18,2015-01-17
"1.5KG TRAY","SUGRAONE,CL 1,*,*,*",34412,2083,3124.5,16.52,18,2015-01-17
"1.5KG TRAY","THOMPSON SEEDLESS,CL 1,*,*,*",33247,2368,3552,14.04,18,2015-01-17
"1.5KG TRAY","VICTORIA,CL 1,*,*,*",4438,261,391.5,17,18,2015-01-17
"4.5KG WRAP TRAY","AFRICAN DELIGHT,CL 1,*,*,*",2400,30,135,80,80,2015-01-17
"4.5KG WRAP TRAY","DAN-BEN-HANNA,CL 1,*,*,*",12630,335,1507.5,37.7,80,2015-01-17
"4.5KG WRAP TRAY","EVANS DELIGHT,CL 1,*,*,*",1480,21,94.5,70.48,80,2015-01-17
"4.5KG WRAP TRAY","PRIME SEEDLESS,CL 1,*,*,*",5600,275,1237.5,20.36,40,2015-01-17
"4.5KG WRAP TRAY","RALLI,CL 1,*,*,*",1750,25,112.5,70,70,2015-01-17
"4.5KG WRAP TRAY","RED GLOBE,CL 1,*,*,*",14685,276,1242,53.21,90,2015-01-17
"4.5KG WRAP TRAY","REGAL,CL 1,*,*,*",2030,28,126,72.5,80,2015-01-17
"4.5KG WRAP TRAY","SUGRA13,CL 1,*,*,*",2860,44,198,65,75,2015-01-17
"4.5KG WRAP TRAY","SUGRA16,CL 1,*,*,BLACK",1535,22,99,69.77,70,2015-01-17
"4.5KG WRAP TRAY","SUGRAONE,CL 1,*,*,*",15840,221,994.5,71.67,80,2015-01-17
"4.5KG WRAP TRAY","THOMPSON SEEDLESS,CL 1,*,*,*",600,9,40.5,66.67,70,2015-01-17
"4.5KG WRAP TRAY","VICTORIA,CL 1,*,*,*",2815,52,234,54.13,70,2015-01-17
"500G PUNNET PACK BOX","BLACK GEM,CL 1,*,10,*",7380,285,1425,25.89,27,2015-01-17
"500G PUNNET PACK BOX","CRIMSON SEEDLESS,CL 1,*,10,*",35225,480,2400,73.39,95,2015-01-17
"500G PUNNET PACK BOX","DESERT SEEDLESS,CL 1,*,10,BLACK",660,10,50,66,80,2015-01-17
"500G PUNNET PACK BOX","EARLY SWEET,CL 1,*,10,*",25625,365,1825,70.21,85,2015-01-17
"500G PUNNET PACK BOX","EVANS DELIGHT,CL 1,*,10,RED",2300,115,575,20,20,2015-01-17
"500G PUNNET PACK BOX","FLAME SEEDLESS,CL 1,*,10,*",20768.53,467,2335,44.47,90,2015-01-17
"500G PUNNET PACK BOX","MIDNIGHT BEAUTY,CL 1,*,10,*",8050,115,575,70,70,2015-01-17
"500G PUNNET PACK BOX","MOONBALLS,CL 1,*,10,*",1300,13,65,100,100,2015-01-17
"500G PUNNET PACK BOX","MUSCAT DELIGHT,CL 1,*,10,*",870,8,40,108.75,140,2015-01-17
"500G PUNNET PACK BOX","PRIME SEEDLESS,CL 1,*,10,*",840,13,65,64.62,80,2015-01-17
"500G PUNNET PACK BOX","RED GLOBE,CL 1,*,10,*",34860,473,2365,73.7,110,2015-01-17
"500G PUNNET PACK BOX","REGAL,CL 1,*,10,*",7940,93,465,85.38,100,2015-01-17
"500G PUNNET PACK BOX","SUGRA13,CL 1,*,10,*",28540,382,1910,74.71,100,2015-01-17
"500G PUNNET PACK BOX","SUGRA16,CL 1,*,10,BLACK",5360,89,445,60.22,80,2015-01-17
"500G PUNNET PACK BOX","SUGRAONE,CL 1,*,10,*",35920,464,2320,77.41,180,2015-01-17
"500G PUNNET PACK BOX","THOMPSON SEEDLESS,CL 1,*,10,*",5500,66,330,83.33,100,2015-01-17
"500G PUNNET PACK BOX","VICTORIA,CL 1,*,10,*",12130,184,920,65.92,100,2015-01-17
"9KG CARTON BOX","PRIME SEEDLESS,CL 1,*,*,*",1800,20,180,90,90,2015-01-17
"9KG JUMBLE CARTON","ALMERIA,CL 2,*,*,*",10549.69,272,2448,38.79,55,2015-01-17
"9KG JUMBLE CARTON","BARLINKA,CL 2,*,*,*",6635,110,990,60.32,65,2015-01-17
"9KG JUMBLE CARTON","BLACK EMPEROR,CL 2,*,*,*",29300,437,3933,67.05,75,2015-01-17
"9KG JUMBLE CARTON","DAN-BEN-HANNA,CL 2,*,*,*",10725,165,1485,65,65,2015-01-17
"9KG JUMBLE CARTON","FLAME SEEDLESS,CL 2,*,*,*",6640,100,900,66.4,70,2015-01-17
"9KG JUMBLE CARTON","PRIME SEEDLESS,CL 2,*,*,*",6004,104,936,57.73,60,2015-01-17
"9KG JUMBLE CARTON","RED GLOBE,CL 2,*,*,*",55350,735,6615,75.31,85,2015-01-17
"9KG JUMBLE CARTON","REGAL,CL 2,*,*,*",4242,71,639,59.75,60,2015-01-17
"9KG JUMBLE CARTON","SUN RED,CL 2,*,*,*",7925,120,1080,66.04,70,2015-01-17
"9KG JUMBLE CARTON","WALTHAM CROSS,CL 2,*,*,*",11010,200,1800,55.05,65,2015-01-17
"1.5KG TRAY","CRIMSON SEEDLESS,CL 1,*,*,*",768,48,72,16,16,2015-01-20
"1.5KG TRAY","DAN-BEN-HANNA,CL 1,*,*,*",64,4,6,16,16,2015-01-20
"1.5KG TRAY","EARLY SWEET,CL 1,*,*,*",1435,445,667.5,3.22,4,2015-01-20
"1.5KG TRAY","FLAME SEEDLESS,CL 1,*,*,*",2324,292,438,7.96,14,2015-01-20
"1.5KG TRAY","LA ROCHELLE,CL 1,*,*,*",940,58,87,16.21,18,2015-01-20
"1.5KG TRAY","MIDNIGHT BEAUTY,CL 1,*,*,*",1764,104,156,16.96,17,2015-01-20
"1.5KG TRAY","PRIME SEEDLESS,CL 1,*,*,*",15,1,1.5,15,15,2015-01-20
"1.5KG TRAY","RED GLOBE,CL 1,*,*,*",4035,229,343.5,17.62,20,2015-01-20
"1.5KG TRAY","REGAL,CL 1,*,*,*",9612,576,864,16.69,18,2015-01-20
"1.5KG TRAY","SUGRA13,CL 1,*,*,*",561,33,49.5,17,18,2015-01-20
"1.5KG TRAY","SUGRAONE,CL 1,*,*,*",9048,521,781.5,17.37,18,2015-01-20
"1.5KG TRAY","THOMPSON SEEDLESS,CL 1,*,*,*",43342,3118,4677,13.9,18,2015-01-20
"4.5KG WRAP TRAY","AFRICAN DELIGHT,CL 1,*,*,*",2320,29,130.5,80,80,2015-01-20
"4.5KG WRAP TRAY","DAN-BEN-HANNA,CL 1,*,*,*",2715,96,432,28.28,30,2015-01-20
"4.5KG WRAP TRAY","EVANS DELIGHT,CL 1,*,*,*",500,8,36,62.5,80,2015-01-20
"4.5KG WRAP TRAY","FLAME SEEDLESS,CL 1,*,*,*",60,1,4.5,60,60,2015-01-20
"4.5KG WRAP TRAY","MAJESTIC,CL 1,*,*,*",8195,149,670.5,55,55,2015-01-20
"4.5KG WRAP TRAY","MUSCAT DELIGHT,CL 1,*,*,*",4220,50,225,84.4,100,2015-01-20
"4.5KG WRAP TRAY","PRIME SEEDLESS,CL 1,*,*,*",8480,206,927,41.17,65,2015-01-20
"4.5KG WRAP TRAY","RED GLOBE,CL 1,*,*,*",19825,453,2038.5,43.76,75,2015-01-20
"4.5KG WRAP TRAY","REGAL,CL 1,*,*,*",70,1,4.5,70,70,2015-01-20
"4.5KG WRAP TRAY","SUGRA13,CL 1,*,*,*",7000,100,450,70,70,2015-01-20
"4.5KG WRAP TRAY","SUGRA16,CL 1,*,*,BLACK",1050,15,67.5,70,70,2015-01-20
"4.5KG WRAP TRAY","SUGRAONE,CL 1,*,*,*",1245,21,94.5,59.29,75,2015-01-20
"4.5KG WRAP TRAY","THOMPSON SEEDLESS,CL 1,*,*,*",6570,101,454.5,65.05,70,2015-01-20
"4.5KG WRAP TRAY","VICTORIA,CL 1,*,*,*",5780,98,441,58.98,80,2015-01-20
"500G PUNNET PACK BOX","BLACK GEM,CL 1,*,10,*",2450,35,175,70,70,2015-01-20
"500G PUNNET PACK BOX","CRIMSON SEEDLESS,CL 1,*,10,*",3130,37,185,84.59,90,2015-01-20
"500G PUNNET PACK BOX","DAN-BEN-HANNA,CL 1,*,10,*",1780,29,145,61.38,80,2015-01-20
"500G PUNNET PACK BOX","EARLY SWEET,CL 1,*,10,*",16880,241,1205,70.04,80,2015-01-20
"500G PUNNET PACK BOX","FLAME SEEDLESS,CL 1,*,10,*",1600,37,185,43.24,85,2015-01-20
"500G PUNNET PACK BOX","FLAME/PRIME SEEDLESS,CL 1,*,10,*",5030,206,1030,24.42,30,2015-01-20
"500G PUNNET PACK BOX","MIDNIGHT BEAUTY,CL 1,*,10,*",90,1,5,90,90,2015-01-20
"500G PUNNET PACK BOX","MOONBALLS,CL 1,*,10,*",450,5,25,90,90,2015-01-20
"500G PUNNET PACK BOX","MYSTERY,CL 1,*,10,*",3150,63,315,50,50,2015-01-20
"500G PUNNET PACK BOX","PRIME SEEDLESS,CL 1,*,10,*",9400,397,1985,23.68,50,2015-01-20
"500G PUNNET PACK BOX","RED GLOBE,CL 1,*,10,*",10675,134,670,79.66,85,2015-01-20
"500G PUNNET PACK BOX","REGAL,CL 1,*,10,*",6940,167,835,41.56,70,2015-01-20
"500G PUNNET PACK BOX","SUGRA13,CL 1,*,10,*",14240,203,1015,70.15,100,2015-01-20
"500G PUNNET PACK BOX","SUGRA16,CL 1,*,10,BLACK",390,7,35,55.71,70,2015-01-20
"500G PUNNET PACK BOX","SUGRAONE,CL 1,*,10,*",12610,241,1205,52.32,90,2015-01-20
"500G PUNNET PACK BOX","THOMPSON SEEDLESS,CL 1,*,10,*",620,8,40,77.5,80,2015-01-20
"500G PUNNET PACK BOX","VICTORIA,CL 1,*,10,*",7610,169,845,45.03,90,2015-01-20
"9KG CARTON BOX","PRIME SEEDLESS,CL 1,*,*,*",3000,35,315,85.71,90,2015-01-20
"9KG JUMBLE CARTON","ALMERIA,CL 2,*,*,*",88819,1309,11781,67.85,75,2015-01-20
"9KG JUMBLE CARTON","BARLINKA,CL 2,*,*,*",6320,104,936,60.77,75,2015-01-20
"9KG JUMBLE CARTON","BLACK EMPEROR,CL 2,*,*,*",6265,104,936,60.24,70,2015-01-20
"9KG JUMBLE CARTON","BONHEUR,CL 2,*,*,*",85470,1206,10854,70.87,75,2015-01-20
"9KG JUMBLE CARTON","CRIMSON SEEDLESS,CL 2,*,*,*",66505,954,8586,69.71,80,2015-01-20
"9KG JUMBLE CARTON","DAUPHINE,CL 2,*,*,*",18940,304,2736,62.3,70,2015-01-20
"9KG JUMBLE CARTON","FLAME SEEDLESS,CL 2,*,*,*",5580,93,837,60,60,2015-01-20
"9KG JUMBLE CARTON","PRIME SEEDLESS,CL 2,*,*,*",215,4,36,53.75,55,2015-01-20
"9KG JUMBLE CARTON","RED GLOBE,CL 2,*,*,*",31730,436,3924,72.78,80,2015-01-20
"9KG JUMBLE CARTON","REGAL,CL 2,*,*,*",6719,119,1071,56.46,65,2015-01-20
"9KG JUMBLE CARTON","SUN RED,CL 2,*,*,*",8130,98,882,82.96,85,2015-01-20
"9KG JUMBLE CARTON","THOMPSON SEEDLESS,CL 2,*,*,*",38510,853,7677,45.15,65,2015-01-20
"9KG JUMBLE CARTON","VICTORIA,CL 2,*,*,*",28129,498,4482,56.48,62,2015-01-20
"9KG JUMBLE CARTON","WALTHAM CROSS,CL 2,*,*,*",240,4,36,60,65,2015-01-20
"1.5KG TRAY","CRIMSON SEEDLESS,CL 1,*,*,*",5904,369,553.5,16,16,2015-01-23
"1.5KG TRAY","DAN-BEN-HANNA,CL 1,*,*,*",4758,330,495,14.42,18,2015-01-23
"1.5KG TRAY","FLAME SEEDLESS,CL 1,*,*,*",6979,513,769.5,13.6,16,2015-01-23
"1.5KG TRAY","LA ROCHELLE,CL 1,*,*,*",1226,78,117,15.72,16,2015-01-23
"1.5KG TRAY","MIDNIGHT BEAUTY,CL 1,*,*,*",408,25,37.5,16.32,18,2015-01-23
"1.5KG TRAY","MOONBALLS,CL 1,*,*,*",180,10,15,18,18,2015-01-23
"1.5KG TRAY","PRIME SEEDLESS,CL 1,*,*,*",18551,1112,1668,16.68,18,2015-01-23
"1.5KG TRAY","RED GLOBE,CL 1,*,*,*",6984,388,582,18,20,2015-01-23
"1.5KG TRAY","REGAL,CL 1,*,*,*",7015,420,630,16.7,17,2015-01-23
"1.5KG TRAY","SUGRA13,CL 1,*,*,*",8721,615,922.5,14.18,15,2015-01-23
"1.5KG TRAY","SUGRAONE,CL 1,*,*,*",3488,247,370.5,14.12,15,2015-01-23
"1.5KG TRAY","THOMPSON SEEDLESS,CL 1,*,*,*",35700,2660,3990,13.42,18,2015-01-23
"1.5KG TRAY","TROPICAL DELIGHT,CL 1,*,*,*",17920,896,1344,20,20,2015-01-23
"1.5KG TRAY","VICTORIA,CL 1,*,*,*",8440,543,814.5,15.54,17,2015-01-23
"4.5KG WRAP TRAY","AFRICAN DELIGHT,CL 1,*,*,*",6930,96,432,72.19,80,2015-01-23
"4.5KG WRAP TRAY","CRIMSON SEEDLESS,*,*,*,*",480,8,36,60,60,2015-01-23
"4.5KG WRAP TRAY","DAN-BEN-HANNA,CL 1,*,*,*",4780,239,1075.5,20,20,2015-01-23
"4.5KG WRAP TRAY","EVANS DELIGHT,CL 1,*,*,*",5280,88,396,60,60,2015-01-23
"4.5KG WRAP TRAY","FLAME SEEDLESS,CL 1,*,*,*",1145,35,157.5,32.71,60,2015-01-23
"4.5KG WRAP TRAY","MUSCAT DELIGHT,CL 1,*,*,*",7800,95,427.5,82.11,90,2015-01-23
"4.5KG WRAP TRAY","PRIME SEEDLESS,CL 1,*,*,*",2856,101,454.5,28.28,60,2015-01-23
"4.5KG WRAP TRAY","RALLI,CL 1,*,*,*",19185,318,1431,60.33,70,2015-01-23
"4.5KG WRAP TRAY","RED GLOBE,CL 1,*,*,*",97385,2072,9324,47,80,2015-01-23
"4.5KG WRAP TRAY","REGAL,CL 1,*,*,*",1000,20,90,50,50,2015-01-23
"4.5KG WRAP TRAY","SUGRA13,CL 1,*,*,*",2845,45,202.5,63.22,70,2015-01-23
"4.5KG WRAP TRAY","SUGRA16,CL 1,*,*,BLACK",355,5,22.5,71,80,2015-01-23
"4.5KG WRAP TRAY","SUGRAONE,CL 1,*,*,*",3890,74,333,52.57,70,2015-01-23
"4.5KG WRAP TRAY","THOMPSON SEEDLESS,CL 1,*,*,*",13010,216,972,60.23,65,2015-01-23
"4.5KG WRAP TRAY","VICTORIA,CL 1,*,*,*",4520,84,378,53.81,60,2015-01-23
"500G PUNNET PACK BOX","BLACK GEM,CL 1,*,10,*",16800,360,1800,46.67,55,2015-01-23
"500G PUNNET PACK BOX","CRIMSON SEEDLESS,CL 1,*,10,*",22660,282,1410,80.35,90,2015-01-23
"500G PUNNET PACK BOX","DAN-BEN-HANNA,CL 1,*,10,*",13080,168,840,77.86,80,2015-01-23
"500G PUNNET PACK BOX","DESERT SEEDLESS,CL 1,*,10,BLACK",2190,28,140,78.21,80,2015-01-23
"500G PUNNET PACK BOX","EARLY SWEET,CL 1,*,10,*",240,3,15,80,80,2015-01-23
"500G PUNNET PACK BOX","FLAME SEEDLESS,CL 1,*,10,*",13765,616,3080,22.35,80,2015-01-23
"500G PUNNET PACK BOX","FLAME/PRIME SEEDLESS,CL 1,*,10,*",2180,31,155,70.32,80,2015-01-23
"500G PUNNET PACK BOX","MOONBALLS,CL 1,*,10,*",800,10,50,80,80,2015-01-23
"500G PUNNET PACK BOX","MUSCAT DELIGHT,CL 1,*,10,*",1040,11,55,94.55,100,2015-01-23
"500G PUNNET PACK BOX","MYSTERY,CL 1,*,10,*",600,15,75,40,40,2015-01-23
"500G PUNNET PACK BOX","PRIME SEEDLESS,CL 1,*,10,*",1490,44,220,33.86,70,2015-01-23
"500G PUNNET PACK BOX","PRIME SEEDLESS,CL 1,*,14,*",480,48,336,10,10,2015-01-23
"500G PUNNET PACK BOX","RED GLOBE,CL 1,*,10,*",30800,417,2085,73.86,85,2015-01-23
"500G PUNNET PACK BOX","REGAL,CL 1,*,10,*",40075,599,2995,66.9,70,2015-01-23
"500G PUNNET PACK BOX","STARLIGHT,CL 1,*,10,*",2000,25,125,80,80,2015-01-23
"500G PUNNET PACK BOX","SUGRA13,CL 1,*,10,*",27085,360,1800,75.24,80,2015-01-23
"500G PUNNET PACK BOX","SUGRA16,CL 1,*,10,BLACK",3820,73,365,52.33,60,2015-01-23
"500G PUNNET PACK BOX","SUGRA19,CL 1,*,10,WHITE",36240,600,3000,60.4,80,2015-01-23
"500G PUNNET PACK BOX","SUGRAONE,CL 1,*,10,*",49430,1088,5440,45.43,80,2015-01-23
"500G PUNNET PACK BOX","THOMPSON SEEDLESS,CL 1,*,10,*",6825,98,490,69.64,80,2015-01-23
"500G PUNNET PACK BOX","TROPICAL DELIGHT,CL 1,*,10,*",12100,110,550,110,110,2015-01-23
"500G PUNNET PACK BOX","VICTORIA,CL 1,*,10,*",3670,69,345,53.19,80,2015-01-23
"9KG CARTON BOX","PRIME SEEDLESS,CL 1,*,*,*",1370,14,126,97.86,110,2015-01-23
"9KG JUMBLE CARTON","ALMERIA,CL 2,*,*,*",5090,93,837,54.73,55,2015-01-23
"9KG JUMBLE CARTON","BARLINKA,CL 2,*,*,*",3990,97,873,41.13,60,2015-01-23
"9KG JUMBLE CARTON","BLACK EMPEROR,CL 2,*,*,*",6963,186,1674,37.44,75,2015-01-23
"9KG JUMBLE CARTON","CRIMSON SEEDLESS,CL 2,*,*,*",23505,407,3663,57.75,75,2015-01-23
"9KG JUMBLE CARTON","FLAME SEEDLESS,CL 2,*,*,*",759,38,342,19.97,20,2015-01-23
"9KG JUMBLE CARTON","RED GLOBE,CL 2,*,*,*",31030,500,4500,62.06,65,2015-01-23
"9KG JUMBLE CARTON","REGAL,CL 2,*,*,*",210,4,36,52.5,60,2015-01-23
"9KG JUMBLE CARTON","SUN RED,CL 2,*,*,*",270,6,54,45,50,2015-01-23
"9KG JUMBLE CARTON","THOMPSON SEEDLESS,CL 2,*,*,*",18150,301,2709,60.3,65,2015-01-23
"9KG JUMBLE CARTON","VICTORIA,CL 2,*,*,*",900,80,720,11.25,25,2015-01-23
"9KG JUMBLE CARTON","WALTHAM CROSS,CL 2,*,*,*",776,16,144,48.5,50,2015-01-23
"1.5KG TRAY","BLACK EMPEROR,CL 1,*,*,*",22572,1254,1881,18,18,2015-01-26
"1.5KG TRAY","BLACK GEM,CL 1,*,*,*",1896,158,237,12,12,2015-01-26
"1.5KG TRAY","DAN-BEN-HANNA,CL 1,*,*,*",480,30,45,16,16,2015-01-26
"1.5KG TRAY","FLAME SEEDLESS,CL 1,*,*,*",4656,547,820.5,8.51,15,2015-01-26
"1.5KG TRAY","RALLI,CL 1,*,*,*",41400,2070,3105,20,20,2015-01-26
"1.5KG TRAY","RED GLOBE,CL 1,*,*,*",21187,1261,1891.5,16.8,35,2015-01-26
"1.5KG TRAY","REGAL,CL 1,*,*,*",90612,5396,8094,16.79,24,2015-01-26
"1.5KG TRAY","SUGRAONE,CL 1,*,*,*",2520,125,187.5,20.16,22,2015-01-26
"1.5KG TRAY","THOMPSON SEEDLESS,CL 1,*,*,*",7574,439,658.5,17.25,20,2015-01-26
"2KG TRAY","VICTORIA,CL 1,*,*,*",17136,952,1904,18,18,2015-01-26
"4.5KG WRAP TRAY","AFRICAN DELIGHT,CL 1,*,*,*",350,5,22.5,70,70,2015-01-26
"4.5KG WRAP TRAY","BLACK GEM,CL 1,*,*,*",3760,188,846,20,20,2015-01-26
"4.5KG WRAP TRAY","EVANS DELIGHT,CL 1,*,*,*",1380,27,121.5,51.11,60,2015-01-26
"4.5KG WRAP TRAY","LA ROCHELLE,CL 1,*,*,*",400,5,22.5,80,80,2015-01-26
"4.5KG WRAP TRAY","MAJESTIC,CL 1,*,*,*",3000,45,202.5,66.67,70,2015-01-26
"4.5KG WRAP TRAY","MOONBALLS,CL 1,*,*,*",1800,30,135,60,60,2015-01-26
"4.5KG WRAP TRAY","MUSCAT DELIGHT,CL 1,*,*,*",22500,314,1413,71.66,80,2015-01-26
"4.5KG WRAP TRAY","RED GLOBE,CL 1,*,*,*",42750,975,4387.5,43.85,70,2015-01-26
"4.5KG WRAP TRAY","SUGRA13,CL 1,*,*,*",12960,201,904.5,64.48,70,2015-01-26
"4.5KG WRAP TRAY","SUGRAONE,CL 1,*,*,*",6120,102,459,60,60,2015-01-26
"4.5KG WRAP TRAY","THOMPSON SEEDLESS,CL 1,*,*,*",876,51,229.5,17.18,60,2015-01-26
"4.5KG WRAP TRAY","VICTORIA,CL 1,*,*,*",1250,22,99,56.82,80,2015-01-26
"500G PUNNET PACK BOX","AUTUMN ROYAL,CL 1,*,10,*",29050,360,1800,80.69,85,2015-01-26
"500G PUNNET PACK BOX","BLACK GEM,CL 1,*,10,*",9670,241,1205,40.12,70,2015-01-26
"500G PUNNET PACK BOX","CRIMSON SEEDLESS,CL 1,*,10,*",62390,734,3670,85,90,2015-01-26
"500G PUNNET PACK BOX","DAN-BEN-HANNA,CL 1,*,10,*",16980,273,1365,62.2,80,2015-01-26
"500G PUNNET PACK BOX","EVANS DELIGHT,CL 1,*,10,RED",2500,125,625,20,20,2015-01-26
"500G PUNNET PACK BOX","FLAME SEEDLESS,CL 1,*,10,*",14359,592,2960,24.26,80,2015-01-26
"500G PUNNET PACK BOX","FLAME/PRIME SEEDLESS,CL 1,*,10,*",1920,24,120,80,80,2015-01-26
"500G PUNNET PACK BOX","MIDNIGHT BEAUTY,CL 1,*,10,*",400,5,25,80,80,2015-01-26
"500G PUNNET PACK BOX","MOONBALLS,CL 1,*,10,*",400,5,25,80,80,2015-01-26
"500G PUNNET PACK BOX","PRIME SEEDLESS,CL 1,*,10,*",1920,207,1035,9.28,30,2015-01-26
"500G PUNNET PACK BOX","RED GLOBE,CL 1,*,10,*",46165,707,3535,65.3,85,2015-01-26
"500G PUNNET PACK BOX","REGAL,CL 1,*,10,*",2820,38,190,74.21,80,2015-01-26
"500G PUNNET PACK BOX","SUGRA13,CL 1,*,10,*",5570,85,425,65.53,80,2015-01-26
"500G PUNNET PACK BOX","SUGRAONE,CL 1,*,10,*",8860,126,630,70.32,80,2015-01-26
"500G PUNNET PACK BOX","THOMPSON SEEDLESS,CL 1,*,10,*",16010,231,1155,69.31,88,2015-01-26
"500G PUNNET PACK BOX","VICTORIA,CL 1,*,10,*",9825,157,785,62.58,75,2015-01-26
"9KG CARTON BOX","MIDNIGHT BEAUTY,CL 1,*,*,*",520,8,72,65,65,2015-01-26
"9KG CARTON BOX","PRIME SEEDLESS,CL 1,*,*,*",6595,111,999,59.41,60,2015-01-26
"9KG CARTON BOX","REGAL,CL 1,*,*,*",240,4,36,60,60,2015-01-26
"9KG CARTON BOX","SUGRAONE,CL 1,*,*,*",4250,85,765,50,50,2015-01-26
"9KG JUMBLE CARTON","ALMERIA,CL 2,*,*,*",13230,294,2646,45,45,2015-01-26
"9KG JUMBLE CARTON","ALPHONSE,CL 2,*,*,*",50830,690,6210,73.67,75,2015-01-26
"9KG JUMBLE CARTON","BARLINKA,CL 2,*,*,*",8420,307,2763,27.43,45,2015-01-26
"9KG JUMBLE CARTON","BLACK EMPEROR,CL 2,*,*,*",7204,101,909,71.33,73,2015-01-26
"9KG JUMBLE CARTON","CRIMSON SEEDLESS,CL 2,*,*,*",34735,840,7560,41.35,65,2015-01-26
"9KG JUMBLE CARTON","DAUPHINE,CL 2,*,*,*",1395,23,207,60.65,65,2015-01-26
"9KG JUMBLE CARTON","RED GLOBE,CL 2,*,*,*",57085,975,8775,58.55,70,2015-01-26
"9KG JUMBLE CARTON","REGAL,CL 2,*,*,*",20989,341,3069,61.55,72,2015-01-26
"9KG JUMBLE CARTON","SUN RED,CL 2,*,*,*",276,5,45,55.2,56,2015-01-26
"9KG JUMBLE CARTON","THOMPSON SEEDLESS,CL 2,*,*,*",19085,496,4464,38.48,70,2015-01-26
"1.5KG TRAY","ALPHONSE,CL 1,*,*,*",1096,"50.00","75.00",21.92,22,2015-02-03
"1.5KG TRAY","BLACK EMPEROR,CL 1,*,*,*",18270,"1115.00","1672.50",16.39,18,2015-02-03
"1.5KG TRAY","CRIMSON SEEDLESS,CL 1,*,*,*",90,"5.00","7.50",18,18,2015-02-03
"1.5KG TRAY","DAN-BEN-HANNA,CL 1,*,*,*",1260,"70.00","105.00",18,18,2015-02-03
"1.5KG TRAY","FLAME SEEDLESS,CL 1,*,*,*",9200,"460.00","690.00",20,20,2015-02-03
"1.5KG TRAY","LA ROCHELLE,CL 1,*,*,*",1000,"50.00","75.00",20,20,2015-02-03
"1.5KG TRAY","MUSCAT DELIGHT,CL 1,*,*,*",916,"56.00","84.00",16.36,18,2015-02-03
"1.5KG TRAY","PRIME SEEDLESS,CL 1,*,*,*",1592,"398.00","597.00",4,4,2015-02-03
"1.5KG TRAY","RALLI,CL 1,*,*,*",15190,"658.00","987.00",23.09,25,2015-02-03
"1.5KG TRAY","RED GLOBE,CL 1,*,*,*",58078,"3217.00","4825.50",18.05,20,2015-02-03
"1.5KG TRAY","REGAL,CL 1,*,*,*",16548,"889.00","1333.50",18.61,26,2015-02-03
"1.5KG TRAY","SUGRA16,CL 1,*,*,BLACK",6225,"249.00","373.50",25,25,2015-02-03
"1.5KG TRAY","SUN RED,CL 1,*,*,*",1020,"70.00","105.00",14.57,18,2015-02-03
"1.5KG TRAY","THOMPSON SEEDLESS,CL 1,*,*,*",6917,"630.00","945.00",10.98,25,2015-02-03
"1.5KG TRAY","VICTORIA,CL 1,*,*,*",3120,"211.00","316.50",14.79,15,2015-02-03
"2KG TRAY","THOMPSON SEEDLESS,CL 1,*,*,*",20300,"1253.00","2506.00",16.2,20,2015-02-03
"2KG TRAY","WHITE HANEPOORT,CL 1,*,*,*",3220,"161.00","322.00",20,20,2015-02-03
"4.5KG WRAP TRAY","AFRICAN DELIGHT,CL 1,*,*,*",420,"6.00","27.00",70,70,2015-02-03
"4.5KG WRAP TRAY","FLAME SEEDLESS,CL 1,*,*,*",19700,"458.00","2061.00",43.01,52,2015-02-03
"4.5KG WRAP TRAY","LA ROCHELLE,CL 1,*,*,*",4200,"53.00","238.50",79.25,80,2015-02-03
"4.5KG WRAP TRAY","MAJESTIC,CL 1,*,*,*",3290,"47.00","211.50",70,70,2015-02-03
"4.5KG WRAP TRAY","MUSCAT DELIGHT,CL 1,*,*,*",10850,"180.00","810.00",60.28,65,2015-02-03
"4.5KG WRAP TRAY","PRIME SEEDLESS,CL 1,*,*,*",3600,"180.00","810.00",20,20,2015-02-03
"4.5KG WRAP TRAY","RED GLOBE,CL 1,*,*,*",26425,"487.00","2191.50",54.26,70,2015-02-03
"4.5KG WRAP TRAY","REGAL,CL 1,*,*,*",385,"6.00","27.00",64.17,65,2015-02-03
"4.5KG WRAP TRAY","SUGRA13,CL 1,*,*,*",5520,"92.00","414.00",60,60,2015-02-03
"4.5KG WRAP TRAY","SUGRAONE,CL 1,*,*,*",500,"10.00","45.00",50,50,2015-02-03
"4.5KG WRAP TRAY","THOMPSON SEEDLESS,CL 1,*,*,*",6120,"102.00","459.00",60,60,2015-02-03
"4.5KG WRAP TRAY","TROPICAL DELIGHT,CL 1,*,*,*",23160,"340.00","1530.00",68.12,80,2015-02-03
"4.5KG WRAP TRAY","VICTORIA,CL 1,*,*,*",2524,"111.00","499.50",22.74,60,2015-02-03
"500G PUNNET PACK BOX","*,CL 1,*,10,WHITE/RED",450,"5.00","25.00",90,90,2015-02-03
"500G PUNNET PACK BOX","ALPHONSE,CL 1,*,10,*",400,"5.00","25.00",80,80,2015-02-03
"500G PUNNET PACK BOX","AUTUMN ROYAL,CL 1,*,10,*",5320,"71.00","355.00",74.93,95,2015-02-03
"500G PUNNET PACK BOX","BLACK GEM,CL 1,*,10,*",300,"12.00","60.00",25,25,2015-02-03
"500G PUNNET PACK BOX","CRIMSON SEEDLESS,CL 1,*,10,*",1120,"16.00","80.00",70,70,2015-02-03
"500G PUNNET PACK BOX","DAN-BEN-HANNA,CL 1,*,10,*",16240,"232.00","1160.00",70,70,2015-02-03
"500G PUNNET PACK BOX","DAWN SEEDLESS,CL 1,*,10,*",240,"3.00","15.00",80,80,2015-02-03
"500G PUNNET PACK BOX","DESERT SEEDLESS,CL 1,*,10,BLACK",3280,"36.00","180.00",91.11,100,2015-02-03
"500G PUNNET PACK BOX","FLAME SEEDLESS,CL 1,*,10,*",22250,"528.00","2640.00",42.14,90,2015-02-03
"500G PUNNET PACK BOX","MOONBALLS,CL 1,*,10,*",1050,"11.00","55.00",95.45,100,2015-02-03
"500G PUNNET PACK BOX","RED GLOBE,CL 1,*,10,*",7730,"85.00","425.00",90.94,121,2015-02-03
"500G PUNNET PACK BOX","REGAL SABLE,CL 1,*,10,*",475,"5.00","25.00",95,95,2015-02-03
"500G PUNNET PACK BOX","REGAL,CL 1,*,10,*",22055,"254.00","1270.00",86.83,100,2015-02-03
"500G PUNNET PACK BOX","SUGRA16,CL 1,*,10,BLACK",90,"1.00","5.00",90,90,2015-02-03
"500G PUNNET PACK BOX","SUGRAONE,CL 1,*,10,*",7246,"119.00","595.00",60.89,62,2015-02-03
"500G PUNNET PACK BOX","THOMPSON SEEDLESS,CL 1,*,10,*",15160,"183.00","915.00",82.84,105,2015-02-03
"5KG JUMBLE CARTON","RED EMPEROR,CL 2,*,*,*",400,"8.00","40.00",50,50,2015-02-03
"5KG JUMBLE CARTON","RED GLOBE,CL 2,*,*,*",88860,"1538.00","7690.00",57.78,65,2015-02-03
"9KG CARTON BOX","MIDNIGHT BEAUTY,CL 1,*,*,*",2520,"42.00","378.00",60,60,2015-02-03
"9KG CARTON BOX","PRIME SEEDLESS,CL 1,*,*,*",9240,"154.00","1386.00",60,60,2015-02-03
"9KG CARTON BOX","THOMPSON SEEDLESS,CL 1,*,*,*",140,"3.00","27.00",46.67,50,2015-02-03
"9KG JUMBLE CARTON","ALMERIA,CL 2,*,*,*",13500,"290.00","2610.00",46.55,50,2015-02-03
"9KG JUMBLE CARTON","ALPHONSE,CL 2,*,*,*",15140,"216.00","1944.00",70.09,75,2015-02-03
"9KG JUMBLE CARTON","BARLINKA,CL 2,*,*,*",390,"26.00","234.00",15,15,2015-02-03
"9KG JUMBLE CARTON","BLACK EMPEROR,CL 2,*,*,*",32660,"685.00","6165.00",47.68,65,2015-02-03
"9KG JUMBLE CARTON","BONHEUR,CL 2,*,*,*",750,"25.00","225.00",30,30,2015-02-03
"9KG JUMBLE CARTON","FLAME SEEDLESS,CL 2,*,*,*",3975,"159.00","1431.00",25,25,2015-02-03
"9KG JUMBLE CARTON","LA ROCHELLE,CL 2,*,*,*",655,"10.00","90.00",65.5,70,2015-02-03
"9KG JUMBLE CARTON","RED EMPEROR,CL 2,*,*,*",2845,"118.00","1062.00",24.11,40,2015-02-03
"9KG JUMBLE CARTON","RED GLOBE,CL 2,*,*,*",143824,"2518.00","22662.00",57.12,70,2015-02-03
"9KG JUMBLE CARTON","REGAL,CL 2,*,*,*",15497,"270.00","2430.00",57.4,62,2015-02-03
"9KG JUMBLE CARTON","THOMPSON SEEDLESS,CL 2,*,*,*",1395,"26.00","234.00",53.65,55,2015-02-03
"9KG JUMBLE CARTON","VICTORIA,CL 2,*,*,*",5720,"88.00","792.00",65,65,2015-02-03
"9KG JUMBLE CARTON","WALTHAM CROSS,CL 2,*,*,*",780,"13.00","117.00",60,60,2015-02-03
"9KG JUMBLE CARTON","WHITE HANEPOORT,CL 2,*,*,*",4400,"88.00","792.00",50,50,2015-02-03
"1.5KG TRAY","ALPHONSE,CL 1,*,*,*",7462,"892.00","1338.00",8.37,20,2015-02-07
"1.5KG TRAY","AUTUMN ROYAL,CL 1,*,*,*",31191,"2058.00","3087.00",15.16,20,2015-02-07
"1.5KG TRAY","BLACK GEM,CL 1,*,*,*",1284,"428.00","642.00",3,3,2015-02-07
"1.5KG TRAY","CRIMSON SEEDLESS,CL 1,*,*,*",12980,"801.00","1201.50",16.2,20,2015-02-07
"1.5KG TRAY","DAN-BEN-HANNA,CL 1,*,*,*",3815,"602.00","903.00",6.34,80,2015-02-07
"1.5KG TRAY","FLAME SEEDLESS,CL 1,*,*,*",14832,"3568.00","5352.00",4.16,18,2015-02-07
"1.5KG TRAY","LA ROCHELLE,CL 1,*,*,*",396,"22.00","33.00",18,18,2015-02-07
"1.5KG TRAY","PRIME SEEDLESS,CL 1,*,*,*",7560,"2016.00","3024.00",3.75,5,2015-02-07
"1.5KG TRAY","RED GLOBE,CL 1,*,*,*",27946,"1520.00","2280.00",18.39,90,2015-02-07
"1.5KG TRAY","REGAL,CL 1,*,*,*",135598,"7983.00","11974.50",16.99,24,2015-02-07
"1.5KG TRAY","SUGRA13,CL 1,*,*,*",6048,"1008.00","1512.00",6,6,2015-02-07
"1.5KG TRAY","SUGRA16,CL 1,*,*,BLACK",8568,"504.00","756.00",17,17,2015-02-07
"1.5KG TRAY","SUN RED,CL 1,*,*,*",2300,"121.00","181.50",19.01,20,2015-02-07
"1.5KG TRAY","THOMPSON SEEDLESS,CL 1,*,*,*",29913,"1617.00","2425.50",18.5,25,2015-02-07
"1.5KG TRAY","TROPICAL DELIGHT,CL 1,*,*,*",20,"1.00","1.50",20,20,2015-02-07
"1.5KG TRAY","VICTORIA,CL 1,*,*,*",1104,"63.00","94.50",17.52,18,2015-02-07
"2KG TRAY","THOMPSON SEEDLESS,CL 1,*,*,*",560,"28.00","56.00",20,20,2015-02-07
"4.5KG WRAP TRAY","AFRICAN DELIGHT,CL 1,*,*,*",5060,"91.00","409.50",55.6,60,2015-02-07
"4.5KG WRAP TRAY","ALPHONSE,CL 1,*,*,*",450,"9.00","40.50",50,50,2015-02-07
"4.5KG WRAP TRAY","BLACK GEM,CL 1,*,*,*",1400,"28.00","126.00",50,50,2015-02-07
"4.5KG WRAP TRAY","CRIMSON SEEDLESS,*,*,*,*",140,"2.00","9.00",70,70,2015-02-07
"4.5KG WRAP TRAY","DAN-BEN-HANNA,CL 1,*,*,*",4210,"74.00","333.00",56.89,60,2015-02-07
"4.5KG WRAP TRAY","FLAME SEEDLESS,CL 1,*,*,*",13840,"376.00","1692.00",36.81,60,2015-02-07
"4.5KG WRAP TRAY","LA ROCHELLE,CL 1,*,*,*",1000,"15.00","67.50",66.67,70,2015-02-07
"4.5KG WRAP TRAY","MAJESTIC,CL 1,*,*,*",250,"4.00","18.00",62.5,70,2015-02-07
"4.5KG WRAP TRAY","MOONBALLS,CL 1,*,*,*",1100,"18.00","81.00",61.11,70,2015-02-07
"4.5KG WRAP TRAY","MUSCAT DELIGHT,CL 1,*,*,*",7775,"117.00","526.50",66.45,70,2015-02-07
"4.5KG WRAP TRAY","PRIME SEEDLESS,CL 1,*,*,*",4875,"215.00","967.50",22.67,90,2015-02-07
"4.5KG WRAP TRAY","RED GLOBE,CL 1,*,*,*",53815,"1174.00","5283.00",45.84,70,2015-02-07
"4.5KG WRAP TRAY","REGAL,CL 1,*,*,*",3060,"51.00","229.50",60,60,2015-02-07
"4.5KG WRAP TRAY","SUGRA13,CL 1,*,*,*",60,"1.00","4.50",60,60,2015-02-07
"4.5KG WRAP TRAY","SUGRAONE,CL 1,*,*,*",7100,"260.00","1170.00",27.31,50,2015-02-07
"4.5KG WRAP TRAY","THOMPSON SEEDLESS,CL 1,*,*,*",990,"18.00","81.00",55,55,2015-02-07
"4.5KG WRAP TRAY","TROPICAL DELIGHT,CL 1,*,*,*",415,"7.00","31.50",59.29,60,2015-02-07
"4.5KG WRAP TRAY","VICTORIA,CL 1,*,*,*",5020,"191.00","859.50",26.28,50,2015-02-07
"500G PUNNET PACK BOX","ALPHONSE,CL 1,*,10,*",3000,"50.00","250.00",60,60,2015-02-07
"500G PUNNET PACK BOX","AUTUMN ROYAL,CL 1,*,10,*",4280,"69.00","345.00",62.03,90,2015-02-07
"500G PUNNET PACK BOX","CRIMSON SEEDLESS,CL 1,*,10,*",32215,"348.00","1740.00",92.57,120,2015-02-07
"500G PUNNET PACK BOX","DAN-BEN-HANNA,CL 1,*,10,*",21600,"350.00","1750.00",61.71,80,2015-02-07
"500G PUNNET PACK BOX","DAUPHINE,CL 1,*,10,*",70,"1.00","5.00",70,70,2015-02-07
"500G PUNNET PACK BOX","DESERT SEEDLESS,CL 1,*,10,BLACK",3190,"38.00","190.00",83.95,90,2015-02-07
"500G PUNNET PACK BOX","EVANS DELIGHT,CL 1,*,10,RED",300,"4.00","20.00",75,80,2015-02-07
"500G PUNNET PACK BOX","FLAME SEEDLESS,CL 1,*,10,*",27446,"570.00","2850.00",48.15,80,2015-02-07
"500G PUNNET PACK BOX","MOONBALLS,CL 1,*,10,*",14860,"149.00","745.00",99.73,100,2015-02-07
"500G PUNNET PACK BOX","RED GLOBE,CL 1,*,10,*",78892,"985.00","4925.00",80.09,100,2015-02-07
"500G PUNNET PACK BOX","REGAL,CL 1,*,10,*",31830,"360.00","1800.00",88.42,100,2015-02-07
"500G PUNNET PACK BOX","SABLE SEEDLESS,CL 1,*,10,*",1080,"12.00","60.00",90,90,2015-02-07
"500G PUNNET PACK BOX","STARLIGHT,CL 1,*,10,*",1810,"46.00","230.00",39.35,40,2015-02-07
"500G PUNNET PACK BOX","SUGRA13,CL 1,*,10,*",4630,"54.00","270.00",85.74,90,2015-02-07
"500G PUNNET PACK BOX","SUGRAONE,CL 1,*,10,*",8540,"217.00","1085.00",39.35,70,2015-02-07
"500G PUNNET PACK BOX","THOMPSON SEEDLESS,CL 1,*,10,*",18770,"323.00","1615.00",58.11,100,2015-02-07
"5KG JUMBLE CARTON","BLACK EMPEROR,CL 2,*,*,*",41160,"588.00","2940.00",70,70,2015-02-07
"750G PUNNET PACK BOX","SUGRAONE,CL 1,*,10,*",1950,"130.00","975.00",15,15,2015-02-07
"9KG CARTON BOX","MIDNIGHT BEAUTY,CL 1,*,*,*",450,"15.00","135.00",30,30,2015-02-07
"9KG CARTON BOX","THOMPSON SEEDLESS,CL 1,*,*,*",30,"1.00","9.00",30,30,2015-02-07
"9KG JUMBLE CARTON","BLACK EMPEROR,CL 2,*,*,*",280,"8.00","72.00",35,35,2015-02-07
"9KG JUMBLE CARTON","CRIMSON SEEDLESS,CL 2,*,*,*",30809,"434.00","3906.00",70.99,75,2015-02-07
"9KG JUMBLE CARTON","FLAME SEEDLESS,CL 2,*,*,*",7656,"176.00","1584.00",43.5,45,2015-02-07
"9KG JUMBLE CARTON","RED EMPEROR,CL 2,*,*,*",8255,"127.00","1143.00",65,65,2015-02-07
"9KG JUMBLE CARTON","RED GLOBE,CL 2,*,*,*",26354,"345.00","3105.00",76.39,85,2015-02-07
"9KG JUMBLE CARTON","REGAL,CL 2,*,*,*",1010,"41.00","369.00",24.63,40,2015-02-07
"1.5KG TRAY","ALPHONSE,CL 1,*,*,*",3726,"231.00","346.50",16.13,20,2015-02-10
"1.5KG TRAY","AUTUMN ROYAL,CL 1,*,*,*",6286,"421.00","631.50",14.93,18,2015-02-10
"1.5KG TRAY","CRIMSON SEEDLESS,CL 1,*,*,*",21107,"1324.00","1986.00",15.94,16,2015-02-10
"1.5KG TRAY","DAN-BEN-HANNA,CL 1,*,*,*",3205,"344.00","516.00",9.32,20,2015-02-10
"1.5KG TRAY","FLAME SEEDLESS,CL 1,*,*,*",1201,"540.00","810.00",2.22,18,2015-02-10
"1.5KG TRAY","PRIME SEEDLESS,CL 1,*,*,*",1008,"504.00","756.00",2,2,2015-02-10
"1.5KG TRAY","RED GLOBE,CL 1,*,*,*",32992,"1722.00","2583.00",19.16,22,2015-02-10
"1.5KG TRAY","REGAL,CL 1,*,*,*",12811,"609.00","913.50",21.04,24,2015-02-10
"1.5KG TRAY","SUGRA13,CL 1,*,*,*",6048,"1008.00","1512.00",6,6,2015-02-10
"1.5KG TRAY","SUGRA16,CL 1,*,*,BLACK",1602,"89.00","133.50",18,18,2015-02-10
"1.5KG TRAY","SUNDANCE,CL 1,*,*,WHITE",1436,"82.00","123.00",17.51,20,2015-02-10
"1.5KG TRAY","THOMPSON SEEDLESS,CL 1,*,*,*",53829,"3081.00","4621.50",17.47,60,2015-02-10
"1.5KG TRAY","VICTORIA,CL 1,*,*,*",65,"13.00","19.50",5,5,2015-02-10
"2KG TRAY","THOMPSON SEEDLESS,CL 1,*,*,*",260,"14.00","28.00",18.57,20,2015-02-10
"2KG TRAY","WHITE HANEPOORT,CL 1,*,*,*",43064,"2298.00","4596.00",18.74,20,2015-02-10
"4.5KG WRAP TRAY","AFRICAN DELIGHT,CL 1,*,*,*",5340,"94.00","423.00",56.81,60,2015-02-10
"4.5KG WRAP TRAY","CRIMSON SEEDLESS,*,*,*,*",10400,"160.00","720.00",65,65,2015-02-10
"4.5KG WRAP TRAY","LA ROCHELLE,CL 1,*,*,*",15530,"234.00","1053.00",66.37,70,2015-02-10
"4.5KG WRAP TRAY","MAJESTIC,CL 1,*,*,*",3990,"72.00","324.00",55.42,60,2015-02-10
"4.5KG WRAP TRAY","MUSCAT DELIGHT,CL 1,*,*,*",20735,"358.00","1611.00",57.92,70,2015-02-10
"4.5KG WRAP TRAY","RED GLOBE,CL 1,*,*,*",73740,"1315.00","5917.50",56.08,70,2015-02-10
"4.5KG WRAP TRAY","REGAL,CL 1,*,*,*",6500,"111.00","499.50",58.56,60,2015-02-10
"4.5KG WRAP TRAY","STARLIGHT,CL 1,*,*,*",350,"10.00","45.00",35,35,2015-02-10
"4.5KG WRAP TRAY","SUGRA13,CL 1,*,*,*",27000,"1170.00","5265.00",23.08,60,2015-02-10
"4.5KG WRAP TRAY","SUGRA16,CL 1,*,*,BLACK",5520,"92.00","414.00",60,60,2015-02-10
"4.5KG WRAP TRAY","SUGRAONE,CL 1,*,*,*",10600,"260.00","1170.00",40.77,50,2015-02-10
"4.5KG WRAP TRAY","THOMPSON SEEDLESS,CL 1,*,*,*",240,"4.00","18.00",60,60,2015-02-10
"4.5KG WRAP TRAY","TROPICAL DELIGHT,CL 1,*,*,*",11750,"180.00","810.00",65.28,70,2015-02-10
"4.5KG WRAP TRAY","VICTORIA,CL 1,*,*,*",4290,"181.00","814.50",23.7,50,2015-02-10
"4.5KG WRAP TRAY","WALTHAM CROSS,CL 1,*,*,*",1820,"26.00","117.00",70,70,2015-02-10
"500G PUNNET PACK BOX","ALPHONSE,CL 1,*,10,*",13800,"230.00","1150.00",60,60,2015-02-10
"500G PUNNET PACK BOX","AUTUMN ROYAL,CL 1,*,10,*",2270,"32.00","160.00",70.94,90,2015-02-10
"500G PUNNET PACK BOX","CRIMSON SEEDLESS,CL 1,*,10,*",20870,"215.00","1075.00",97.07,110,2015-02-10
"500G PUNNET PACK BOX","DAN-BEN-HANNA,CL 1,*,10,*",11250,"195.00","975.00",57.69,70,2015-02-10
"500G PUNNET PACK BOX","DESERT SEEDLESS,CL 1,*,10,BLACK",1440,"16.00","80.00",90,90,2015-02-10
"500G PUNNET PACK BOX","EVANS DELIGHT,CL 1,*,10,RED",320,"4.00","20.00",80,80,2015-02-10
"500G PUNNET PACK BOX","FLAME SEEDLESS,CL 1,*,10,*",11955,"402.00","2010.00",29.74,80,2015-02-10
"500G PUNNET PACK BOX","MOONBALLS,CL 1,*,10,*",2560,"24.00","120.00",106.67,110,2015-02-10
"500G PUNNET PACK BOX","RED GLOBE,CL 1,*,10,*",15081,"171.00","855.00",88.19,100,2015-02-10
"500G PUNNET PACK BOX","REGAL,CL 1,*,10,*",19240,"229.00","1145.00",84.02,100,2015-02-10
"500G PUNNET PACK BOX","SUGRA13,CL 1,*,10,*",1530,"17.00","85.00",90,90,2015-02-10
"500G PUNNET PACK BOX","SUGRAONE,CL 1,*,10,*",6392,"76.00","380.00",84.11,90,2015-02-10
"500G PUNNET PACK BOX","THOMPSON SEEDLESS,CL 1,*,10,*",3470,"39.00","195.00",88.97,90,2015-02-10
"5KG JUMBLE CARTON","DAUPHINE,CL 2,*,*,*",5880,"98.00","490.00",60,60,2015-02-10
"5KG JUMBLE CARTON","RED GLOBE,CL 2,*,*,*",39200,"490.00","2450.00",80,80,2015-02-10
"9KG CARTON BOX","THOMPSON SEEDLESS,CL 1,*,*,*",1510,"30.00","270.00",50.33,52,2015-02-10
"9KG JUMBLE CARTON","ALMERIA,CL 2,*,*,*",180,"3.00","27.00",60,60,2015-02-10
"9KG JUMBLE CARTON","BLACK EMPEROR,CL 2,*,*,*",25800,"354.00","3186.00",72.88,80,2015-02-10
"9KG JUMBLE CARTON","CRIMSON SEEDLESS,CL 2,*,*,*",100760,"1419.00","12771.00",71.01,75,2015-02-10
"9KG JUMBLE CARTON","RED EMPEROR,CL 2,*,*,*",12291,"190.00","1710.00",64.69,65,2015-02-10
"9KG JUMBLE CARTON","RED GLOBE,CL 2,*,*,*",77310,"1027.00","9243.00",75.28,80,2015-02-10
"9KG JUMBLE CARTON","REGAL,CL 2,*,*,*",31685,"589.00","5301.00",53.79,70,2015-02-10
"9KG JUMBLE CARTON","THOMPSON SEEDLESS,CL 2,*,*,*",4840,"88.00","792.00",55,55,2015-02-10
"1.5KG TRAY","ALPHONSE,CL 1,*,*,*",4254,"284.00","426.00",14.98,17,2015-02-12
"1.5KG TRAY","AUTUMN ROYAL,CL 1,*,*,*",3887,"255.00","382.50",15.24,18,2015-02-12
"1.5KG TRAY","BARLINKA,CL 1,*,*,*",2685,"179.00","268.50",15,15,2015-02-12
"1.5KG TRAY","BLACK EMPEROR,CL 1,*,*,*",600,"30.00","45.00",20,22,2015-02-12
"1.5KG TRAY","CRIMSON SEEDLESS,CL 1,*,*,*",19226,"1168.00","1752.00",16.46,25,2015-02-12
"1.5KG TRAY","DAN-BEN-HANNA,CL 1,*,*,*",11060,"656.00","984.00",16.86,20,2015-02-12
"1.5KG TRAY","FLAME SEEDLESS,CL 1,*,*,*",1124,"183.00","274.50",6.14,20,2015-02-12
"1.5KG TRAY","MOONBALLS,CL 1,*,*,*",1250,"50.00","75.00",25,25,2015-02-12
"1.5KG TRAY","MUSCAT DELIGHT,CL 1,*,*,*",6640,"598.00","897.00",11.1,16,2015-02-12
"1.5KG TRAY","RED GLOBE,CL 1,*,*,*",52531,"2873.00","4309.50",18.28,22,2015-02-12
"1.5KG TRAY","REGAL,CL 1,*,*,*",84632,"4875.00","7312.50",17.36,22,2015-02-12
"1.5KG TRAY","SUGRA16,CL 1,*,*,BLACK",1536,"92.00","138.00",16.7,18,2015-02-12
"1.5KG TRAY","SUN RED,CL 1,*,*,*",160,"8.00","12.00",20,20,2015-02-12
"1.5KG TRAY","SUNDANCE,CL 1,*,*,WHITE",4719,"293.00","439.50",16.11,23,2015-02-12
"1.5KG TRAY","THOMPSON SEEDLESS,CL 1,*,*,*",12912,"1016.00","1524.00",12.71,22,2015-02-12
"1.5KG TRAY","TROPICAL DELIGHT,CL 1,*,*,*",1872,"144.00","216.00",13,13,2015-02-12
"1.5KG TRAY","VICTORIA,CL 1,*,*,*",21800,"1202.00","1803.00",18.14,20,2015-02-12
"2KG TRAY","THOMPSON SEEDLESS,CL 1,*,*,*",908,"60.00","120.00",15.13,16,2015-02-12
"2KG TRAY","WHITE HANEPOORT,CL 1,*,*,*",13000,"715.00","1430.00",18.18,20,2015-02-12
"4.5KG WRAP TRAY","AFRICAN DELIGHT,CL 1,*,*,*",12880,"243.00","1093.50",53,60,2015-02-12
"4.5KG WRAP TRAY","ALPHONSE,CL 1,*,*,*",540,"9.00","40.50",60,60,2015-02-12
"4.5KG WRAP TRAY","AUTUMN ROYAL,CL 1,*,*,*",1800,"30.00","135.00",60,60,2015-02-12
"4.5KG WRAP TRAY","CRIMSON SEEDLESS,*,*,*,*",14120,"308.00","1386.00",45.84,50,2015-02-12
"4.5KG WRAP TRAY","DAN-BEN-HANNA,CL 1,*,*,*",6585,"119.00","535.50",55.34,60,2015-02-12
"4.5KG WRAP TRAY","DATAL,CL 2,*,*,*",600,"30.00","135.00",20,20,2015-02-12
"4.5KG WRAP TRAY","EBONY STAR,CL 1,*,*,*",210,"3.00","13.50",70,70,2015-02-12
"4.5KG WRAP TRAY","FLAME SEEDLESS,CL 1,*,*,*",10740,"531.00","2389.50",20.23,60,2015-02-12
"4.5KG WRAP TRAY","LA ROCHELLE,CL 1,*,*,*",6450,"96.00","432.00",67.19,70,2015-02-12
"4.5KG WRAP TRAY","MOONBALLS,CL 1,*,*,*",1340,"22.00","99.00",60.91,70,2015-02-12
"4.5KG WRAP TRAY","MUSCAT DELIGHT,CL 1,*,*,*",18090,"288.00","1296.00",62.81,70,2015-02-12
"4.5KG WRAP TRAY","PRIME SEEDLESS,CL 1,*,*,*",12600,"540.00","2430.00",23.33,25,2015-02-12
"4.5KG WRAP TRAY","RED GLOBE,CL 1,*,*,*",47190,"1009.00","4540.50",46.77,70,2015-02-12
"4.5KG WRAP TRAY","REGAL,CL 1,*,*,*",15205,"442.00","1989.00",34.4,95,2015-02-12
"4.5KG WRAP TRAY","STARLIGHT,CL 1,*,*,*",580,"22.00","99.00",26.36,40,2015-02-12
"4.5KG WRAP TRAY","SUGRA13,CL 1,*,*,*",6660,"231.00","1039.50",28.83,60,2015-02-12
"4.5KG WRAP TRAY","SUGRA16,CL 1,*,*,BLACK",2625,"105.00","472.50",25,25,2015-02-12
"4.5KG WRAP TRAY","SUGRAONE,CL 1,*,*,*",4660,"183.00","823.50",25.46,60,2015-02-12
"4.5KG WRAP TRAY","SUN RED,CL 1,*,*,*",1800,"30.00","135.00",60,60,2015-02-12
"4.5KG WRAP TRAY","THOMPSON SEEDLESS,CL 1,*,*,*",3275,"62.00","279.00",52.82,60,2015-02-12
"4.5KG WRAP TRAY","TROPICAL DELIGHT,CL 1,*,*,*",14130,"393.00","1768.50",35.95,65,2015-02-12
"4.5KG WRAP TRAY","VICTORIA,CL 1,*,*,*",5345,"108.00","486.00",49.49,50,2015-02-12
"4.5KG WRAP TRAY","WALTHAM CROSS,CL 1,*,*,*",4970,"71.00","319.50",70,70,2015-02-12
"500G PUNNET PACK BOX","AUTUMN ROYAL,CL 1,*,10,*",9720,"160.00","800.00",60.75,90,2015-02-12
"500G PUNNET PACK BOX","CRIMSON SEEDLESS,CL 1,*,10,*",43365,"449.00","2245.00",96.58,110,2015-02-12
"500G PUNNET PACK BOX","DAN-BEN-HANNA,CL 1,*,10,*",11660,"197.00","985.00",59.19,60,2015-02-12
"500G PUNNET PACK BOX","DESERT SEEDLESS,CL 1,*,10,BLACK",7740,"86.00","430.00",90,90,2015-02-12
"500G PUNNET PACK BOX","EVANS DELIGHT,CL 1,*,10,RED",90,"3.00","15.00",30,30,2015-02-12
"500G PUNNET PACK BOX","FLAME SEEDLESS,CL 1,*,10,*",12845,"564.00","2820.00",22.77,60,2015-02-12
"500G PUNNET PACK BOX","MOONBALLS,CL 1,*,10,*",5195,"51.00","255.00",101.86,110,2015-02-12
"500G PUNNET PACK BOX","RED GLOBE,CL 1,*,10,*",67678,"997.00","4985.00",67.88,100,2015-02-12
"500G PUNNET PACK BOX","REGAL,CL 1,*,10,*",57085,"667.00","3335.00",85.58,100,2015-02-12
"500G PUNNET PACK BOX","RUBY STAR,CL 1,*,10,*",200,"2.00","10.00",100,100,2015-02-12
"500G PUNNET PACK BOX","STARLIGHT,CL 1,*,10,*",1350,"15.00","75.00",90,90,2015-02-12
"500G PUNNET PACK BOX","SUGRA13,CL 1,*,10,*",7110,"73.00","365.00",97.4,110,2015-02-12
"500G PUNNET PACK BOX","SUGRAONE,CL 1,*,10,*",250,"5.00","25.00",50,50,2015-02-12
"500G PUNNET PACK BOX","THOMPSON SEEDLESS,CL 1,*,10,*",15510,"346.00","1730.00",44.83,100,2015-02-12
"9KG CARTON BOX","RED GLOBE,CL 1,*,*,*",5810,"47.00","423.00",123.62,130,2015-02-12
"9KG JUMBLE CARTON","BLACK EMPEROR,CL 2,*,*,*",36500,"536.00","4824.00",68.1,80,2015-02-12
"9KG JUMBLE CARTON","CRIMSON SEEDLESS,CL 2,*,*,*",1140,"22.00","198.00",51.82,70,2015-02-12
"9KG JUMBLE CARTON","DAUPHINE,CL 2,*,*,*",3630,"61.00","549.00",59.51,60,2015-02-12
"9KG JUMBLE CARTON","RED GLOBE,CL 2,*,*,*",20240,"367.00","3303.00",55.15,80,2015-02-12
"9KG JUMBLE CARTON","REGAL,CL 2,*,*,*",26515,"502.00","4518.00",52.82,80,2015-02-12
"9KG JUMBLE CARTON","SUN RED,CL 2,*,*,*",2460,"40.00","360.00",61.5,70,2015-02-12
"1.5KG TRAY","ALPHONSE,CL 1,*,*,*",2835,"249.00","373.50",11.39,16,2015-02-13
"1.5KG TRAY","AUTUMN ROYAL,CL 1,*,*,*",4428,"246.00","369.00",18,18,2015-02-13
"1.5KG TRAY","BARLINKA,CL 1,*,*,*",1692,"141.00","211.50",12,12,2015-02-13
"1.5KG TRAY","BLACK EMPEROR,CL 1,*,*,*",28700,"1367.00","2050.50",20.99,22,2015-02-13
"1.5KG TRAY","CRIMSON SEEDLESS,CL 1,*,*,*",3794,"199.00","298.50",19.07,23,2015-02-13
"1.5KG TRAY","DAN-BEN-HANNA,CL 1,*,*,*",2926,"212.00","318.00",13.8,18,2015-02-13
"1.5KG TRAY","EBONY STAR,CL 1,*,*,BLACK",918,"51.00","76.50",18,18,2015-02-13
"1.5KG TRAY","FLAME SEEDLESS,CL 1,*,*,*",776,"194.00","291.00",4,4,2015-02-13
"1.5KG TRAY","MOONBALLS,CL 1,*,*,*",640,"23.00","34.50",27.83,90,2015-02-13
"1.5KG TRAY","MUSCAT DELIGHT,CL 1,*,*,*",7680,"508.00","762.00",15.12,16,2015-02-13
"1.5KG TRAY","RED GLOBE,CL 1,*,*,*",32826,"1741.00","2611.50",18.85,22,2015-02-13
"1.5KG TRAY","REGAL,CL 1,*,*,*",46248,"2560.00","3840.00",18.07,25,2015-02-13
"1.5KG TRAY","SUN RED,CL 1,*,*,*",1220,"305.00","457.50",4,4,2015-02-13
"1.5KG TRAY","SUNDANCE,CL 1,*,*,WHITE",720,"40.00","60.00",18,18,2015-02-13
"1.5KG TRAY","THOMPSON SEEDLESS,CL 1,*,*,*",676,"34.00","51.00",19.88,20,2015-02-13
"1.5KG TRAY","TROPICAL DELIGHT,CL 1,*,*,*",420,"21.00","31.50",20,20,2015-02-13
"1.5KG TRAY","VICTORIA,CL 1,*,*,*",697,"107.00","160.50",6.51,14,2015-02-13
"2KG TRAY","THOMPSON SEEDLESS,CL 1,*,*,*",3220,"307.00","614.00",10.49,15,2015-02-13
"4.5KG WRAP TRAY","AFRICAN DELIGHT,CL 1,*,*,*",1560,"31.00","139.50",50.32,60,2015-02-13
"4.5KG WRAP TRAY","ALPHONSE,CL 1,*,*,*",560,"11.00","49.50",50.91,60,2015-02-13
"4.5KG WRAP TRAY","AUTUMN ROYAL,CL 1,*,*,*",520,"9.00","40.50",57.78,60,2015-02-13
"4.5KG WRAP TRAY","BLACK GEM,CL 1,*,*,*",9970,"360.00","1620.00",27.69,40,2015-02-13
"4.5KG WRAP TRAY","CRIMSON SEEDLESS,*,*,*,*",1015,"47.00","211.50",21.6,40,2015-02-13
"4.5KG WRAP TRAY","DAN-BEN-HANNA,CL 1,*,*,*",6810,"127.00","571.50",53.62,60,2015-02-13
"4.5KG WRAP TRAY","EBONY STAR,CL 1,*,*,*",180,"3.00","13.50",60,60,2015-02-13
"4.5KG WRAP TRAY","FLAME SEEDLESS,CL 1,*,*,*",3015,"178.00","801.00",16.94,25,2015-02-13
"4.5KG WRAP TRAY","HELENA,CL 1,*,*,*",11470,"187.00","841.50",61.34,70,2015-02-13
"4.5KG WRAP TRAY","MOONBALLS,CL 1,*,*,*",2020,"33.00","148.50",61.21,80,2015-02-13
"4.5KG WRAP TRAY","MUSCAT DELIGHT,CL 1,*,*,*",1200,"19.00","85.50",63.16,70,2015-02-13
"4.5KG WRAP TRAY","PRIME SEEDLESS,CL 1,*,*,*",15195,"724.00","3258.00",20.99,25,2015-02-13
"4.5KG WRAP TRAY","RED GLOBE,CL 1,*,*,*",42560,"947.00","4261.50",44.94,70,2015-02-13
"4.5KG WRAP TRAY","REGAL,CL 1,*,*,*",17807,"799.00","3595.50",22.29,60,2015-02-13
"4.5KG WRAP TRAY","SUGRA13,CL 1,*,*,*",43200,"720.00","3240.00",60,60,2015-02-13
"4.5KG WRAP TRAY","SUGRA16,CL 1,*,*,BLACK",3085,"175.00","787.50",17.63,25,2015-02-13
"4.5KG WRAP TRAY","SUGRAONE,CL 1,*,*,*",5000,"190.00","855.00",26.32,50,2015-02-13
"4.5KG WRAP TRAY","SUN RED,CL 1,*,*,*",60,"1.00","4.50",60,60,2015-02-13
"4.5KG WRAP TRAY","THOMPSON SEEDLESS,CL 1,*,*,*",44045,"738.00","3321.00",59.68,70,2015-02-13
"4.5KG WRAP TRAY","TROPICAL DELIGHT,CL 1,*,*,*",2465,"43.00","193.50",57.33,65,2015-02-13
"4.5KG WRAP TRAY","VICTORIA,CL 1,*,*,*",1320,"25.00","112.50",52.8,60,2015-02-13
"4.5KG WRAP TRAY","WALTHAM CROSS,CL 1,*,*,*",590,"9.00","40.50",65.56,70,2015-02-13
"500G PUNNET PACK BOX","AUTUMN ROYAL,CL 1,*,10,*",17290,"243.00","1215.00",71.15,90,2015-02-13
"500G PUNNET PACK BOX","CRIMSON SEEDLESS,CL 1,*,10,*",13080,"138.00","690.00",94.78,100,2015-02-13
"500G PUNNET PACK BOX","DAUPHINE,CL 1,*,10,*",855,"9.00","45.00",95,95,2015-02-13
"500G PUNNET PACK BOX","DESERT SEEDLESS,CL 1,*,10,BLACK",240,"3.00","15.00",80,80,2015-02-13
"500G PUNNET PACK BOX","EARLY HANNA,CL 1,*,10,*",70,"1.00","5.00",70,70,2015-02-13
"500G PUNNET PACK BOX","FLAME SEEDLESS,CL 1,*,10,*",8500,"371.00","1855.00",22.91,50,2015-02-13
"500G PUNNET PACK BOX","MOONBALLS,CL 1,*,10,*",5655,"66.00","330.00",85.68,110,2015-02-13
"500G PUNNET PACK BOX","RED GLOBE,CL 1,*,10,*",95953,"1114.00","5570.00",86.13,100,2015-02-13
"500G PUNNET PACK BOX","REGAL,CL 1,*,10,*",57215,"639.00","3195.00",89.54,100,2015-02-13
"500G PUNNET PACK BOX","RUBY STAR,CL 1,*,10,*",9600,"120.00","600.00",80,80,2015-02-13
"500G PUNNET PACK BOX","STARLIGHT,CL 1,*,10,*",2145,"25.00","125.00",85.8,90,2015-02-13
"500G PUNNET PACK BOX","SUGRA13,CL 1,*,10,*",5210,"56.00","280.00",93.04,110,2015-02-13
"500G PUNNET PACK BOX","SUGRA16,CL 1,*,10,BLACK",420,"7.00","35.00",60,60,2015-02-13
"500G PUNNET PACK BOX","SUGRAONE,CL 1,*,10,*",140,"1.00","5.00",140,95,2015-02-13
"500G PUNNET PACK BOX","SUN RED,CL 1,*,10,*",200,"2.00","10.00",100,100,2015-02-13
"500G PUNNET PACK BOX","THOMPSON SEEDLESS,CL 1,*,10,*",10465,"222.00","1110.00",47.14,100,2015-02-13
"5KG JUMBLE CARTON","BLACK EMPEROR,CL 2,*,*,*",14700,"210.00","1050.00",70,70,2015-02-13
"750G PUNNET PACK BOX","SUGRAONE,CL 1,*,10,*",1500,"75.00","562.50",20,20,2015-02-13
"800G PUNNET PACK BOX","THOMPSON SEEDLESS,CL 1,*,10,*",1600,"80.00","640.00",20,20,2015-02-13
"9KG JUMBLE CARTON","BLACK EMPEROR,CL 2,*,*,*",2980,"65.00","585.00",45.85,50,2015-02-13
"9KG JUMBLE CARTON","CRIMSON SEEDLESS,CL 2,*,*,*",29230,"377.00","3393.00",77.53,90,2015-02-13
"9KG JUMBLE CARTON","LA ROCHELLE,CL 2,*,*,*",32103,"404.00","3636.00",79.46,90,2015-02-13
"9KG JUMBLE CARTON","RED GLOBE,CL 2,*,*,*",600,"10.00","90.00",60,60,2015-02-13
"9KG JUMBLE CARTON","REGAL,CL 2,*,*,*",31425,"546.00","4914.00",57.55,65,2015-02-13
