"StudentID","StudentGender","GradeName","TermName","mathTestName","mathRIT","mathStdErr","mathPercentile","Computation","ComputationAdj","NumberSense","NumberSenseAdj","Geometry","GeometryAdj","Measurement","MeasurementAdj","StatProb","StatProbAdj","Algebra","AlgebraAdj","ProblemSolving","ProblemSolvingAdj","readTestName","readRIT","readStdErr","readPercentile","ReadProc","ReadProcAdj","LitTex","LitTexAdj","NFictTex","NFictTexAdj","langTestName","langRIT","langStdErr","langPercentile","GramUs","GramUsAdj","SpPunctCap","SpPunctCapAdj","ParaSent","ParaSentAdj","GenPurpAud","GenPurpAudAdj"
1608,"F",8,"Fall 2009","Math Survey w/ Goals 6+ NWEA V4.1",226,3.3,40,225,"AV",210,"LO",211,"LO",244,"HI",233,"AV",227,"AV",228,"AV","Reading Survey w/ Goals 6+ AERO V1.1",253,3.5,99,250,"HI",248,"HI",262,"HI","Language Survey w/ Goals AERO V1.1",243,3,97,238,"HI",238,"HI",248,"HI",248,"HI"
1286,"M",8,"Fall 2009","Math Survey w/ Goals 6+ NWEA V4.1",232,3.2,54,240,"HI",236,"AV",230,"AV",221,"LO",211,"LO",242,"HI",237,"AV","Reading Survey w/ Goals 6+ AERO V1.1",219,3.3,49,212,"LO",221,"AV",222,"AV","Language Survey w/ Goals AERO V1.1",223,2.9,63,215,"AV",214,"AV",230,"HI",231,"HI"
1182,"F",5,"Fall 2009","Math Survey w/ Goals 2-5 NWEA V4.1",204,2.9,27,202,"LO",203,"LO",193,"LO",202,"LO",210,"AV",207,"AV",215,"AV","Reading Survey w/ Goals 2-5 AERO V1.1",224,3.4,88,230,"HI",214,"HI",229,"HI","Language Survey w/ Goals AERO V1.1",225,3,90,230,"HI",229,"HI",219,"HI",224,"HI"
1610,"F",8,"Fall 2009","Math Survey w/ Goals 6+ NWEA V4.1",239,2.9,70,240,"HI",240,"HI",243,"HI",243,"HI",227,"AV",236,"AV",250,"HI","Reading Survey w/ Goals 6+ AERO V1.1",222,3.3,57,215,"AV",223,"AV",228,"HI","Language Survey w/ Goals AERO V1.1",227,3.2,74,218,"AV",225,"HI",230,"HI",235,"HI"
2072,"M",8,"Fall 2009","Math Survey w/ Goals 6+ NWEA V4.1",244,3,79,236,"AV",245,"HI",230,"AV",262,"HI",240,"HI",254,"HI",242,"HI","Reading Survey w/ Goals 6+ AERO V1.1",241,3.3,93,241,"HI",246,"HI",236,"HI","Language Survey w/ Goals AERO V1.1",238,2.9,93,241,"HI",230,"HI",240,"HI",245,"HI"
1395,"F",3,"Fall 2009","Math Survey w/ Goals 2-5 NWEA V4.1",194,3.2,56,171,"LO",188,"AV",197,"AV",202,"HI",186,"LO",213,"HI",200,"HI","Reading Survey w/ Goals 2-5 AERO V1.1",196,3.4,66,190,"AV",202,"HI",195,"AV","Language Survey w/ Goals AERO V1.1",194,3.1,58,200,"HI",188,"AV",195,"AV",194,"AV"
91396,"F",3,"Fall 2009","Math Survey w/ Goals 2-5 NWEA V4.1",205,2.9,85,206,"HI",192,"AV",216,"HI",213,"HI",207,"HI",198,"HI",204,"HI","Reading Survey w/ Goals 2-5 AERO V1.1",201,3.5,77,203,"HI",204,"HI",197,"HI","Language Survey w/ Goals AERO V1.1",204,3,81,205,"HI",197,"AV",203,"HI",210,"HI"
1935,"M",8,"Fall 2009","Math Survey w/ Goals 6+ NWEA V4.1",242,2.9,76,242,"HI",249,"HI",248,"HI",249,"HI",235,"AV",236,"AV",240,"HI","Reading Survey w/ Goals 6+ AERO V1.1",224,3.5,62,230,"HI",221,"AV",222,"AV","Language Survey w/ Goals AERO V1.1",223,2.9,63,216,"AV",222,"AV",227,"HI",225,"HI"
1523,"M",9,"Fall 2009","Math Survey w/ Goals 6+ NWEA V4.1",237,3.1,57,224,"LO",252,"HI",241,"AV",232,"AV",222,"LO",246,"HI",230,"AV","Reading Survey w/ Goals 6+ AERO V1.1",231,3.6,74,229,"HI",239,"HI",224,"AV","Language Survey w/ Goals AERO V1.1",221,3,51,216,"AV",213,"LO",231,"HI",223,"AV"
10948,"F",5,"Fall 2009","Math Survey w/ Goals 2-5 NWEA V4.1",211,3,45,211,"AV",216,"AV",221,"HI",199,"LO",210,"AV",212,"AV",216,"AV","Reading Survey w/ Goals 2-5 AERO V1.1",215,3.5,71,221,"HI",222,"HI",203,"AV","Language Survey w/ Goals AERO V1.1",213,3.1,65,210,"AV",215,"HI",210,"AV",216,"HI"
1376,"F",3,"Fall 2009","Math Survey w/ Goals 2-5 NWEA V4.1",196,2.9,62,193,"AV",201,"HI",187,"AV",189,"AV",206,"HI",191,"AV",205,"HI","Reading Survey w/ Goals 2-5 AERO V1.1",198,3.3,71,201,"HI",201,"HI",192,"AV","Language Survey w/ Goals AERO V1.1",200,3.1,73,205,"HI",203,"HI",194,"AV",196,"AV"
2105,"F",7,"Fall 2009","Math Survey w/ Goals 6+ NWEA V4.1",250,3,93,248,"HI",243,"HI",258,"HI",253,"HI",252,"HI",246,"HI",250,"HI","Reading Survey w/ Goals 6+ AERO V1.1",240,3.3,95,242,"HI",235,"HI",243,"HI","Language Survey w/ Goals AERO V1.1",236,3,94,233,"HI",231,"HI",237,"HI",242,"HI"
1344,"F",7,"Fall 2009","Math Survey w/ Goals 6+ NWEA V4.1",235,3,71,227,"AV",222,"AV",244,"HI",252,"HI",238,"HI",230,"AV",236,"HI","Reading Survey w/ Goals 6+ AERO V1.1",233,3.4,88,236,"HI",236,"HI",227,"HI","Language Survey w/ Goals AERO V1.1",232,3,89,235,"HI",226,"HI",232,"HI",234,"HI"
1290,"F",8,"Fall 2009","Math Survey w/ Goals 6+ NWEA V4.1",230,3,50,234,"AV",236,"AV",225,"AV",223,"AV",226,"AV",243,"HI",221,"LO","Reading Survey w/ Goals 6+ AERO V1.1",224,3.3,62,224,"AV",228,"HI",220,"AV","Language Survey w/ Goals AERO V1.1",228,3,76,220,"AV",230,"HI",226,"HI",235,"HI"
1272,"F",7,"Fall 2009","Math Survey w/ Goals 6+ NWEA V4.1",216,2.9,28,216,"LO",228,"AV",208,"LO",207,"LO",217,"LO",219,"AV",221,"AV",NA,NA,NA,NA,NA,NA,NA,NA,NA,NA,"Language Survey w/ Goals AERO V1.1",218,2.9,57,211,"AV",222,"HI",214,"AV",224,"HI"
1947,"M",5,"Fall 2009","Math Survey w/ Goals 2-5 NWEA V4.1",226,3,82,229,"HI",218,"AV",232,"HI",222,"HI",229,"HI",224,"HI",231,"HI","Reading Survey w/ Goals 2-5 AERO V1.1",213,3.4,66,206,"AV",214,"HI",218,"HI","Language Survey w/ Goals AERO V1.1",214,3,67,221,"HI",207,"AV",216,"HI",212,"AV"
2106,"F",7,"Fall 2009","Math Survey w/ Goals 6+ NWEA V4.1",240,3,80,246,"HI",239,"HI",227,"AV",239,"HI",247,"HI",230,"AV",251,"HI","Reading Survey w/ Goals 6+ AERO V1.1",226,3.3,75,226,"HI",217,"AV",238,"HI","Language Survey w/ Goals AERO V1.1",227,3,80,228,"HI",220,"AV",233,"HI",228,"HI"
1524,"M",9,"Fall 2009","Math Survey w/ Goals 6+ NWEA V4.1",255,2.9,89,259,"HI",245,"HI",264,"HI",263,"HI",245,"HI",253,"HI",259,"HI","Reading Survey 6+ AERO V1.1",243,4.7,92,NA,NA,NA,NA,NA,NA,"Language Survey w/ Goals AERO V1.1",229,2.9,74,230,"HI",223,"AV",232,"HI",233,"HI"
1946,"M",5,"Fall 2009","Math Survey w/ Goals 2-5 NWEA V4.1",208,2.9,36,209,"AV",197,"LO",209,"AV",216,"AV",212,"AV",205,"LO",211,"AV","Reading Survey w/ Goals 2-5 AERO V1.1",204,3.3,41,202,"AV",200,"LO",211,"AV","Language Survey w/ Goals AERO V1.1",208,3,50,213,"AV",202,"LO",199,"LO",217,"HI"
2188,"F",4,"Fall 2009","Math Survey w/ Goals 2-5 NWEA V4.1",228,3.1,97,223,"HI",231,"HI",239,"HI",216,"HI",244,"HI",232,"HI",220,"HI","Reading Survey w/ Goals 2-5 AERO V1.1",224,3.3,95,220,"HI",223,"HI",228,"HI","Language Survey w/ Goals AERO V1.1",223,3,94,207,"HI",234,"HI",232,"HI",223,"HI"
1934,"M",7,"Fall 2009","Math Survey w/ Goals 6+ NWEA V4.1",227,3,53,250,"HI",237,"HI",212,"LO",233,"HI",205,"LO",226,"AV",228,"AV",NA,NA,NA,NA,NA,NA,NA,NA,NA,NA,"Language Survey w/ Goals AERO V1.1",224,3,73,229,"HI",217,"AV",219,"AV",232,"HI"
2103,"F",8,"Fall 2009","Math Survey w/ Goals 6+ NWEA V4.1",223,2.9,34,227,"AV",215,"LO",219,"LO",220,"LO",233,"AV",221,"LO",223,"AV","Reading Survey w/ Goals 6+ AERO V1.1",221,3.3,55,219,"AV",221,"AV",223,"AV","Language Survey w/ Goals AERO V1.1",220,3.1,54,230,"HI",221,"AV",216,"AV",215,"AV"
1189,"M",5,"Fall 2009","Math Survey w/ Goals 2-5 NWEA V4.1",208,2.9,36,203,"LO",218,"AV",205,"LO",211,"AV",205,"LO",207,"AV",209,"AV","Reading Survey w/ Goals 2-5 AERO V1.1",213,3.3,66,213,"AV",214,"HI",212,"AV","Language Survey w/ Goals AERO V1.1",217,3,75,204,"AV",212,"AV",227,"HI",222,"HI"
2140,"M",7,"Fall 2009","Math Survey w/ Goals 6+ NWEA V4.1",234,3,69,240,"HI",237,"HI",233,"HI",243,"HI",230,"AV",225,"AV",229,"AV",NA,NA,NA,NA,NA,NA,NA,NA,NA,NA,"Language Survey w/ Goals AERO V1.1",221,3.1,65,223,"HI",222,"HI",226,"HI",214,"AV"
2142,"F",7,"Fall 2009","Math Survey w/ Goals 6+ NWEA V4.1",202,3,8,184,"LO",205,"LO",205,"LO",196,"LO",215,"LO",207,"LO",193,"LO",NA,NA,NA,NA,NA,NA,NA,NA,NA,NA,"Language Survey w/ Goals AERO V1.1",219,3,60,217,"AV",209,"LO",220,"AV",227,"HI"
1314,"M",8,"Fall 2009","Math Survey w/ Goals 6+ NWEA V4.1",237,3,66,232,"AV",236,"AV",233,"AV",239,"HI",239,"HI",243,"HI",239,"HI","Reading Survey w/ Goals 6+ AERO V1.1",249,3.3,98,252,"HI",241,"HI",253,"HI","Language Survey w/ Goals AERO V1.1",237,3,92,240,"HI",241,"HI",227,"HI",239,"HI"
2055,"M",3,"Fall 2009","Math Survey w/ Goals 2-5 NWEA V4.1",184,3,26,185,"LO",181,"LO",182,"LO",189,"AV",189,"AV",180,"LO",182,"LO","Reading Survey w/ Goals 2-5 AERO V1.1",173,3.3,13,179,"LO",170,"LO",171,"LO","Language Survey w/ Goals AERO V1.1",182,3.1,27,184,"LO",182,"LO",184,"LO",178,"LO"
1834,"M",4,"Fall 2009","Math Survey w/ Goals 2-5 NWEA V4.1",199,3.1,36,205,"AV",202,"AV",218,"HI",196,"LO",197,"LO",188,"LO",195,"LO","Reading Survey w/ Goals 2-5 AERO V1.1",189,3.4,23,190,"LO",193,"LO",185,"LO","Language Survey w/ Goals AERO V1.1",204,3,59,201,"AV",206,"AV",195,"AV",217,"HI"
1194,"F",5,"Fall 2009","Math Survey w/ Goals 2-5 NWEA V4.1",225,3,80,212,"AV",226,"HI",230,"HI",221,"HI",217,"AV",235,"HI",234,"HI","Reading Survey w/ Goals 2-5 AERO V1.1",216,3.4,73,221,"HI",215,"HI",213,"AV","Language Survey w/ Goals AERO V1.1",212,2.9,62,205,"AV",215,"HI",213,"AV",216,"HI"
1385,"M",3,"Fall 2009","Math Survey w/ Goals 2-5 NWEA V4.1",181,3,19,175,"LO",172,"LO",177,"LO",189,"AV",182,"LO",187,"AV",184,"LO","Reading Survey w/ Goals 2-5 AERO V1.1",185,3.4,37,185,"AV",176,"LO",194,"AV","Language Survey w/ Goals AERO V1.1",179,2.9,20,187,"AV",175,"LO",173,"LO",183,"LO"
1174,"F",4,"Fall 2009","Math Survey w/ Goals 2-5 NWEA V4.1",200,2.9,39,194,"LO",194,"LO",201,"AV",204,"AV",204,"AV",195,"LO",208,"AV","Reading Survey w/ Goals 2-5 AERO V1.1",195,3.3,37,192,"LO",195,"AV",197,"AV","Language Survey w/ Goals AERO V1.1",200,3.1,47,205,"AV",189,"LO",201,"AV",202,"AV"
1569,"M",7,"Fall 2009","Math Survey w/ Goals 6+ NWEA V4.1",233,2.9,67,232,"AV",242,"HI",234,"HI",242,"HI",229,"AV",222,"AV",228,"AV",NA,NA,NA,NA,NA,NA,NA,NA,NA,NA,"Language Survey w/ Goals AERO V1.1",226,3,78,232,"HI",224,"HI",226,"HI",222,"HI"
2127,"F",5,"Fall 2009","Math Survey w/ Goals 2-5 NWEA V4.1",223,3,76,219,"HI",219,"HI",213,"AV",231,"HI",214,"AV",242,"HI",230,"HI","Reading Survey w/ Goals 2-5 AERO V1.1",207,3.4,50,213,"AV",203,"AV",204,"AV","Language Survey w/ Goals AERO V1.1",216,3,72,220,"HI",214,"HI",214,"HI",217,"HI"
1782,"M",9,"Fall 2009","Math Survey w/ Goals 6+ NWEA V4.1",249,3,81,253,"HI",251,"HI",253,"HI",251,"HI",243,"HI",258,"HI",235,"AV","Reading Survey 6+ AERO V1.1",234,4.8,80,NA,NA,NA,NA,NA,NA,"Language Survey w/ Goals AERO V1.1",232,2.9,81,239,"HI",224,"AV",223,"AV",244,"HI"
1769,"M",5,"Fall 2009","Math Survey w/ Goals 2-5 NWEA V4.1",184,3.1,2,186,"LO",180,"LO",177,"LO",193,"LO",190,"LO",178,"LO",187,"LO","Reading Survey w/ Goals 2-5 AERO V1.1",181,3.3,3,173,"LO",177,"LO",192,"LO","Language Survey w/ Goals AERO V1.1",168,3,1,166,"LO",163,"LO",173,"LO",174,"LO"
1387,"M",3,"Fall 2009","Math Survey w/ Goals 2-5 NWEA V4.1",195,3,59,205,"HI",194,"AV",184,"LO",182,"LO",192,"AV",204,"HI",206,"HI","Reading Survey w/ Goals 2-5 AERO V1.1",174,3.3,14,176,"LO",177,"LO",168,"LO","Language Survey w/ Goals AERO V1.1",189,3.1,44,199,"HI",190,"AV",181,"LO",190,"AV"
1297,"F",8,"Fall 2009","Math Survey w/ Goals 6+ NWEA V4.1",218,3,24,211,"LO",229,"AV",217,"LO",225,"AV",216,"LO",212,"LO",219,"LO","Reading Survey w/ Goals 6+ AERO V1.1",213,3.3,34,212,"LO",211,"LO",214,"AV","Language Survey w/ Goals AERO V1.1",218,3,48,224,"AV",214,"AV",209,"LO",228,"HI"
2180,"M",3,"Fall 2009","Math Survey w/ Goals 2-5 NWEA V4.1",175,3,9,176,"LO",176,"LO",166,"LO",173,"LO",176,"LO",179,"LO",176,"LO","Reading Survey w/ Goals 2-5 AERO V1.1",164,3.4,4,166,"LO",154,"LO",170,"LO","Language Survey w/ Goals AERO V1.1",164,2.9,3,174,"LO",163,"LO",163,"LO",156,"LO"
1275,"M",7,"Fall 2009","Math Survey w/ Goals 6+ NWEA V4.1",245,3,88,244,"HI",246,"HI",249,"HI",251,"HI",254,"HI",234,"HI",240,"HI",NA,NA,NA,NA,NA,NA,NA,NA,NA,NA,"Language Survey w/ Goals AERO V1.1",224,3.1,73,226,"HI",227,"HI",215,"AV",227,"HI"
1316,"F",8,"Fall 2009","Math Survey w/ Goals 6+ NWEA V4.1",236,3.1,63,241,"HI",232,"AV",241,"HI",230,"AV",239,"HI",229,"AV",237,"AV","Reading Survey w/ Goals 6+ AERO V1.1",225,3.4,65,231,"HI",227,"HI",218,"AV","Language Survey w/ Goals AERO V1.1",229,3,78,225,"HI",228,"HI",231,"HI",233,"HI"
1298,"F",8,"Fall 2009","Math Survey w/ Goals 6+ NWEA V4.1",244,2.9,79,245,"HI",252,"HI",240,"HI",242,"HI",235,"AV",258,"HI",236,"AV","Reading Survey w/ Goals 6+ AERO V1.1",222,3.3,57,223,"AV",221,"AV",223,"AV","Language Survey w/ Goals AERO V1.1",230,3.3,81,227,"HI",235,"HI",231,"HI",226,"HI"
1260,"F",7,"Fall 2009","Math Survey w/ Goals 6+ NWEA V4.1",225,2.9,49,217,"LO",247,"HI",213,"LO",227,"AV",232,"AV",207,"LO",226,"AV","Reading Survey w/ Goals 6+ AERO V1.1",224,3.6,71,217,"AV",232,"HI",223,"HI","Language Survey w/ Goals AERO V1.1",216,2.9,51,208,"LO",217,"AV",221,"AV",216,"AV"
1768,"F",7,"Fall 2009","Math Survey w/ Goals 6+ NWEA V4.1",230,3,60,224,"AV",241,"HI",240,"HI",218,"LO",244,"HI",238,"HI",216,"LO",NA,NA,NA,NA,NA,NA,NA,NA,NA,NA,"Language Survey w/ Goals AERO V1.1",225,2.9,76,226,"HI",222,"HI",221,"AV",232,"HI"
1177,"F",4,"Fall 2009","Math Survey w/ Goals 2-5 NWEA V4.1",219,3,88,204,"AV",219,"HI",223,"HI",237,"HI",215,"HI",208,"AV",227,"HI","Reading Survey w/ Goals 2-5 AERO V1.1",208,3.4,72,203,"AV",212,"HI",210,"HI","Language Survey w/ Goals AERO V1.1",212,2.9,79,217,"HI",211,"HI",206,"AV",211,"HI"
1276,"M",7,"Fall 2009","Math Survey w/ Goals 6+ NWEA V4.1",226,3,51,204,"LO",227,"AV",218,"LO",251,"HI",221,"AV",228,"AV",226,"AV","Reading Survey w/ Goals 6+ AERO V1.1",217,3.2,52,228,"HI",214,"AV",209,"LO","Language Survey w/ Goals AERO V1.1",222,2.9,68,219,"AV",223,"HI",221,"AV",226,"HI"
1916,"F",8,"Fall 2009","Math Survey w/ Goals 6+ NWEA V4.1",244,2.9,79,251,"HI",245,"HI",239,"HI",242,"HI",251,"HI",248,"HI",236,"AV","Reading Survey w/ Goals 6+ AERO V1.1",231,3.3,78,228,"HI",239,"HI",226,"HI","Language Survey w/ Goals AERO V1.1",231,2.9,83,219,"AV",241,"HI",235,"HI",229,"HI"
1278,"M",7,"Fall 2009","Math Survey w/ Goals 6+ NWEA V4.1",229,3,58,233,"HI",238,"HI",225,"AV",218,"LO",241,"HI",222,"AV",234,"HI","Reading Survey w/ Goals 6+ AERO V1.1",216,3.3,49,222,"AV",206,"LO",223,"HI","Language Survey w/ Goals AERO V1.1",218,3,57,209,"LO",210,"LO",223,"HI",227,"HI"
1100,"M",9,"Fall 2009","Math Survey w/ Goals 6+ NWEA V4.1",233,2.9,48,241,"AV",229,"AV",218,"LO",240,"AV",239,"AV",234,"AV",235,"AV","Reading Survey w/ Goals 6+ AERO V1.1",231,3.3,74,232,"HI",234,"HI",228,"HI","Language Survey w/ Goals AERO V1.1",226,2.9,66,226,"AV",217,"AV",237,"HI",224,"AV"
1261,"F",7,"Fall 2009","Math Survey w/ Goals 6+ NWEA V4.1",223,3,44,219,"AV",227,"AV",207,"LO",235,"HI",223,"AV",226,"AV",233,"HI",NA,NA,NA,NA,NA,NA,NA,NA,NA,NA,"Language Survey w/ Goals AERO V1.1",227,3.1,80,229,"HI",228,"HI",226,"HI",224,"HI"
1217,"M",5,"Fall 2009","Math Survey w/ Goals 2-5 NWEA V4.1",215,3,56,210,"AV",222,"HI",200,"LO",217,"AV",211,"AV",223,"HI",227,"HI","Reading Survey w/ Goals 2-5 AERO V1.1",214,3.4,69,213,"AV",212,"AV",216,"HI","Language Survey w/ Goals AERO V1.1",219,3,79,229,"HI",220,"HI",218,"HI",210,"AV"
2184,"M",3,"Fall 2009","Math Survey w/ Goals 2-5 NWEA V4.1",191,3,47,198,"HI",202,"HI",179,"LO",187,"AV",188,"AV",193,"AV",189,"AV","Reading Survey w/ Goals 2-5 AERO V1.1",190,3.6,50,188,"AV",197,"HI",184,"AV","Language Survey w/ Goals AERO V1.1",180,3,22,192,"AV",182,"LO",175,"LO",169,"LO"
2042,"F",3,"Fall 2009","Math Survey w/ Goals 2-5 NWEA V4.1",195,2.9,59,203,"HI",183,"LO",212,"HI",193,"AV",199,"HI",183,"LO",199,"HI","Reading Survey w/ Goals 2-5 AERO V1.1",203,3.3,81,205,"HI",204,"HI",201,"HI","Language Survey w/ Goals AERO V1.1",203,3.2,79,218,"HI",205,"HI",194,"AV",196,"AV"
2179,"M",3,"Fall 2009","Math Survey w/ Goals 2-5 NWEA V4.1",230,2.9,99,219,"HI",238,"HI",229,"HI",230,"HI",233,"HI",221,"HI",239,"HI","Reading Survey w/ Goals 2-5 AERO V1.1",219,3.3,97,227,"HI",217,"HI",212,"HI","Language Survey w/ Goals AERO V1.1",220,3,98,222,"HI",216,"HI",228,"HI",215,"HI"
2126,"M",5,"Fall 2009","Math Survey w/ Goals 2-5 NWEA V4.1",226,3,82,221,"HI",235,"HI",224,"HI",233,"HI",226,"HI",220,"HI",224,"HI","Reading Survey w/ Goals 2-5 AERO V1.1",226,3.3,91,232,"HI",225,"HI",222,"HI","Language Survey w/ Goals AERO V1.1",226,2.9,91,221,"HI",239,"HI",216,"HI",229,"HI"
1952,"F",4,"Fall 2009","Math Survey w/ Goals 2-5 NWEA V4.1",198,3,33,212,"HI",199,"AV",206,"AV",186,"LO",192,"LO",199,"AV",194,"LO","Reading Survey w/ Goals 2-5 AERO V1.1",204,3.3,62,200,"AV",208,"HI",204,"AV","Language Survey w/ Goals AERO V1.1",198,3.1,42,200,"AV",199,"AV",196,"AV",198,"AV"
1517,"F",8,"Fall 2009","Math Survey w/ Goals 6+ NWEA V4.1",252,3,90,231,"AV",256,"HI",254,"HI",259,"HI",237,"AV",270,"HI",258,"HI","Reading Survey w/ Goals 6+ AERO V1.1",229,3.3,74,233,"HI",230,"HI",224,"AV","Language Survey w/ Goals AERO V1.1",228,3,76,235,"HI",221,"AV",224,"AV",233,"HI"
2125,"M",5,"Fall 2009","Math Survey w/ Goals 2-5 NWEA V4.1",207,3,34,206,"LO",202,"LO",202,"LO",215,"AV",208,"AV",205,"LO",208,"AV","Reading Survey w/ Goals 2-5 AERO V1.1",203,3.4,39,202,"AV",200,"LO",206,"AV","Language Survey w/ Goals AERO V1.1",195,3,17,189,"LO",195,"LO",188,"LO",206,"AV"
1300,"F",8,"Fall 2009","Math Survey w/ Goals 6+ NWEA V4.1",248,3,85,249,"HI",263,"HI",235,"AV",250,"HI",253,"HI",248,"HI",248,"HI","Reading Survey w/ Goals 6+ AERO V1.1",234,3.4,84,233,"HI",237,"HI",232,"HI","Language Survey w/ Goals AERO V1.1",235,2.9,89,231,"HI",230,"HI",235,"HI",243,"HI"
1301,"M",8,"Fall 2009","Math Survey w/ Goals 6+ NWEA V4.1",236,3,63,238,"HI",247,"HI",242,"HI",236,"AV",225,"AV",226,"AV",241,"HI","Reading Survey w/ Goals 6+ AERO V1.1",217,3.5,44,217,"AV",217,"AV",216,"AV","Language Survey w/ Goals AERO V1.1",218,3,48,209,"LO",216,"AV",224,"AV",225,"HI"
1075,"M",9,"Fall 2009","Math Survey w/ Goals 6+ NWEA V4.1",280,3.4,99,282,"HI",286,"HI",264,"HI",291,"HI",263,"HI",282,"HI",292,"HI","Reading Survey w/ Goals 6+ AERO V1.1",239,3.3,88,243,"HI",233,"HI",243,"HI","Language Survey w/ Goals AERO V1.1",231,3,78,231,"HI",227,"HI",225,"AV",239,"HI"
1279,"F",7,"Fall 2009","Math Survey w/ Goals 6+ NWEA V4.1",241,2.9,82,231,"AV",241,"HI",239,"HI",261,"HI",242,"HI",236,"HI",236,"HI","Reading Survey w/ Goals 6+ AERO V1.1",235,3.3,91,240,"HI",231,"HI",233,"HI","Language Survey w/ Goals AERO V1.1",228,3,82,227,"HI",226,"HI",227,"HI",233,"HI"
1779,"F",5,"Fall 2009","Math Survey w/ Goals 2-5 NWEA V4.1",223,2.9,76,218,"AV",226,"HI",233,"HI",230,"HI",221,"HI",212,"AV",225,"HI","Reading Survey w/ Goals 2-5 AERO V1.1",217,3.3,76,208,"AV",231,"HI",211,"AV","Language Survey w/ Goals AERO V1.1",231,3,96,228,"HI",234,"HI",232,"HI",229,"HI"
1954,"M",4,"Fall 2009","Math Survey w/ Goals 2-5 NWEA V4.1",201,3,42,203,"AV",201,"AV",209,"AV",188,"LO",201,"AV",208,"AV",197,"LO","Reading Survey w/ Goals 2-5 AERO V1.1",215,3.3,86,212,"HI",221,"HI",213,"HI","Language Survey w/ Goals AERO V1.1",209,2.9,72,216,"HI",212,"HI",205,"AV",202,"AV"
1780,"M",8,"Fall 2009","Math Survey w/ Goals 6+ NWEA V4.1",224,3.2,36,234,"AV",239,"HI",221,"LO",200,"LO",211,"LO",231,"AV",238,"HI","Reading Survey w/ Goals 6+ AERO V1.1",215,3.3,39,211,"LO",218,"AV",215,"AV","Language Survey w/ Goals AERO V1.1",214,3,36,217,"AV",215,"AV",210,"LO",215,"AV"
1959,"M",4,"Fall 2009","Math Survey w/ Goals 2-5 NWEA V4.1",213,2.9,76,203,"AV",196,"LO",227,"HI",214,"HI",220,"HI",213,"HI",211,"HI","Reading Survey w/ Goals 2-5 AERO V1.1",211,3.4,78,213,"HI",206,"HI",213,"HI","Language Survey w/ Goals AERO V1.1",210,3,74,208,"HI",213,"HI",206,"AV",213,"HI"
2043,"M",3,"Fall 2009","Math Survey w/ Goals 2-5 NWEA V4.1",198,3,68,187,"AV",193,"AV",186,"LO",186,"LO",207,"HI",222,"HI",200,"HI","Reading Survey w/ Goals 2-5 AERO V1.1",189,3.3,48,189,"AV",192,"AV",185,"AV","Language Survey w/ Goals AERO V1.1",195,2.9,61,194,"AV",190,"AV",194,"AV",201,"HI"
1951,"M",5,"Fall 2009","Math Survey w/ Goals 2-5 NWEA V4.1",239,3,97,229,"HI",244,"HI",230,"HI",244,"HI",246,"HI",238,"HI",244,"HI","Reading Survey w/ Goals 2-5 AERO V1.1",226,3.3,91,219,"HI",223,"HI",236,"HI","Language Survey w/ Goals AERO V1.1",217,3,75,224,"HI",217,"HI",223,"HI",204,"AV"
1196,"F",5,"Fall 2009","Math Survey w/ Goals 2-5 NWEA V4.1",214,3.3,53,208,"AV",205,"LO",196,"LO",225,"HI",210,"AV",222,"HI",223,"HI","Reading Survey w/ Goals 2-5 AERO V1.1",229,3.4,94,228,"HI",234,"HI",226,"HI","Language Survey w/ Goals AERO V1.1",205,2.9,41,200,"LO",205,"AV",214,"HI",200,"LO"
2097,"M",9,"Fall 2009","Math Survey w/ Goals 6+ NWEA V4.1",253,3,86,255,"HI",238,"AV",256,"HI",261,"HI",251,"HI",258,"HI",256,"HI","Reading Survey 6+ AERO V1.1",233,5.1,78,NA,NA,NA,NA,NA,NA,"Language Survey w/ Goals AERO V1.1",232,2.9,81,233,"HI",225,"AV",224,"AV",243,"HI"
1179,"M",4,"Fall 2009","Math Survey w/ Goals 2-5 NWEA V4.1",224,3.2,94,216,"HI",230,"HI",221,"HI",226,"HI",228,"HI",212,"HI",232,"HI","Reading Survey w/ Goals 2-5 AERO V1.1",220,3.4,92,220,"HI",220,"HI",219,"HI","Language Survey w/ Goals AERO V1.1",218,3,89,208,"HI",219,"HI",219,"HI",226,"HI"
1410,"M",3,"Fall 2009","Math Survey w/ Goals 2-5 NWEA V4.1",197,2.9,65,194,"AV",202,"HI",184,"LO",204,"HI",198,"HI",198,"HI",199,"HI","Reading Survey w/ Goals 2-5 AERO V1.1",186,3.4,40,187,"AV",186,"AV",186,"AV","Language Survey w/ Goals AERO V1.1",185,3.4,34,191,"AV",186,"AV",179,"LO",186,"AV"
1537,"F",8,"Fall 2009","Math Survey w/ Goals 6+ NWEA V4.1",224,3,36,212,"LO",235,"AV",226,"AV",220,"LO",222,"LO",233,"AV",224,"AV","Reading Survey w/ Goals 6+ AERO V1.1",230,3.4,76,235,"HI",229,"HI",226,"HI","Language Survey w/ Goals AERO V1.1",217,3,45,210,"LO",211,"LO",222,"AV",225,"HI"
1855,"M",8,"Fall 2009","Math Survey w/ Goals 6+ NWEA V4.1",227,3,43,219,"LO",240,"HI",224,"AV",226,"AV",234,"AV",207,"LO",237,"AV","Reading Survey w/ Goals 6+ AERO V1.1",231,3.5,78,224,"AV",225,"AV",243,"HI","Language Survey w/ Goals AERO V1.1",213,3,33,213,"LO",219,"AV",205,"LO",216,"AV"
1264,"F",7,"Fall 2009","Math Survey w/ Goals 6+ NWEA V4.1",217,3.2,30,212,"LO",233,"HI",198,"LO",222,"AV",224,"AV",211,"LO",224,"AV",NA,NA,NA,NA,NA,NA,NA,NA,NA,NA,"Language Survey w/ Goals AERO V1.1",226,3,78,236,"HI",210,"LO",231,"HI",228,"HI"
2096,"F",9,"Fall 2009","Math Survey w/ Goals 6+ NWEA V4.1",250,3.1,82,261,"HI",252,"HI",244,"HI",259,"HI",251,"HI",241,"AV",244,"HI","Reading Survey w/ Goals 6+ AERO V1.1",226,3.3,62,230,"HI",230,"HI",219,"AV","Language Survey w/ Goals AERO V1.1",231,3,78,223,"AV",234,"HI",227,"HI",240,"HI"
1555,"F",4,"Fall 2009","Math Survey w/ Goals 2-5 NWEA V4.1",218,2.9,86,204,"AV",225,"HI",219,"HI",218,"HI",218,"HI",219,"HI",223,"HI","Reading Survey w/ Goals 2-5 AERO V1.1",210,3.3,76,211,"HI",202,"AV",218,"HI","Language Survey w/ Goals AERO V1.1",217,3,87,220,"HI",216,"HI",214,"HI",216,"HI"
2095,"F",9,"Fall 2009","Math Survey w/ Goals 6+ NWEA V4.1",255,2.9,89,242,"HI",262,"HI",257,"HI",263,"HI",254,"HI",255,"HI",256,"HI","Reading Survey w/ Goals 6+ AERO V1.1",236,3.6,83,243,"HI",234,"HI",233,"HI","Language Survey w/ Goals AERO V1.1",235,3,86,238,"HI",227,"HI",242,"HI",233,"HI"
1284,"M",7,"Fall 2009","Math Survey w/ Goals 6+ NWEA V4.1",228,3,56,218,"LO",225,"AV",234,"HI",232,"AV",230,"AV",230,"AV",225,"AV",NA,NA,NA,NA,NA,NA,NA,NA,NA,NA,"Language Survey w/ Goals AERO V1.1",225,2.9,76,223,"HI",220,"AV",230,"HI",226,"HI"
1265,"F",7,"Fall 2009","Math Survey w/ Goals 6+ NWEA V4.1",228,3,56,235,"HI",236,"HI",215,"LO",224,"AV",225,"AV",237,"HI",228,"AV",NA,NA,NA,NA,NA,NA,NA,NA,NA,NA,NA,NA,NA,NA,NA,NA,NA,NA,NA,NA,NA,NA
1198,"F",5,"Fall 2009","Math Survey w/ Goals 2-5 NWEA V4.1",213,3.2,50,210,"AV",214,"AV",216,"AV",203,"LO",214,"AV",221,"HI",209,"AV","Reading Survey w/ Goals 2-5 AERO V1.1",210,3.3,58,215,"HI",208,"AV",207,"AV","Language Survey w/ Goals AERO V1.1",216,3,72,208,"AV",211,"AV",223,"HI",220,"HI"
1285,"M",7,"Fall 2009","Math Survey w/ Goals 6+ NWEA V4.1",222,2.9,42,221,"AV",231,"AV",211,"LO",219,"AV",226,"AV",220,"AV",224,"AV",NA,NA,NA,NA,NA,NA,NA,NA,NA,NA,"Language Survey w/ Goals AERO V1.1",219,2.9,60,208,"LO",222,"HI",226,"HI",222,"HI"
2100,"F",9,"Fall 2009","Math Survey w/ Goals 6+ NWEA V4.1",244,3,72,228,"AV",246,"HI",245,"HI",252,"HI",248,"HI",234,"AV",257,"HI","Reading Survey w/ Goals 6+ AERO V1.1",238,3.3,86,235,"HI",242,"HI",237,"HI","Language Survey w/ Goals AERO V1.1",235,2.9,86,230,"HI",242,"HI",228,"HI",238,"HI"
1818,"F",4,"Fall 2009","Math Survey w/ Goals 2-5 NWEA V4.1",225,3,95,202,"AV",216,"HI",240,"HI",244,"HI",214,"HI",228,"HI",230,"HI","Reading Survey w/ Goals 2-5 AERO V1.1",217,3.3,89,218,"HI",226,"HI",208,"HI","Language Survey w/ Goals AERO V1.1",213,3,81,207,"HI",222,"HI",214,"HI",208,"HI"
1953,"M",4,"Fall 2009","Math Survey w/ Goals 2-5 NWEA V4.1",211,2.9,71,189,"LO",207,"AV",211,"HI",219,"HI",216,"HI",213,"HI",221,"HI","Reading Survey w/ Goals 2-5 AERO V1.1",202,3.3,56,203,"AV",204,"AV",199,"AV","Language Survey w/ Goals AERO V1.1",212,3,79,211,"HI",213,"HI",215,"HI",207,"HI"
1391,"F",3,"Fall 2009","Math Survey w/ Goals 2-5 NWEA V4.1",197,3,65,192,"AV",214,"HI",206,"HI",200,"HI",178,"LO",194,"AV",203,"HI","Reading Survey w/ Goals 2-5 AERO V1.1",201,3.3,77,210,"HI",195,"AV",198,"HI","Language Survey w/ Goals AERO V1.1",201,2.9,75,213,"HI",190,"AV",202,"HI",199,"HI"
1267,"M",7,"Fall 2009","Math Survey w/ Goals 6+ NWEA V4.1",232,3.1,65,244,"HI",232,"AV",234,"HI",228,"AV",221,"AV",232,"AV",230,"AV","Reading Survey w/ Goals 6+ AERO V1.1",220,3.4,60,224,"HI",219,"AV",218,"AV","Language Survey w/ Goals AERO V1.1",217,3,54,209,"LO",213,"AV",215,"AV",230,"HI"
1393,"M",3,"Fall 2009","Math Survey w/ Goals 2-5 NWEA V4.1",189,3.4,40,200,"HI",174,"LO",199,"HI",163,"LO",201,"HI",200,"HI",194,"AV","Reading Survey w/ Goals 2-5 AERO V1.1",191,3.3,53,187,"AV",196,"AV",191,"AV","Language Survey w/ Goals AERO V1.1",194,3,58,202,"HI",185,"AV",194,"AV",197,"AV"
1558,"F",4,"Fall 2009","Math Survey w/ Goals 2-5 NWEA V4.1",213,3,76,199,"AV",212,"HI",230,"HI",204,"AV",213,"HI",220,"HI",211,"HI","Reading Survey w/ Goals 2-5 AERO V1.1",193,3.3,32,188,"LO",186,"LO",203,"AV","Language Survey w/ Goals AERO V1.1",200,2.9,47,206,"AV",204,"AV",196,"AV",194,"LO"
2181,"M",3,"Fall 2009","Math Survey w/ Goals 2-5 NWEA V4.1",194,2.9,56,190,"AV",182,"LO",197,"AV",197,"AV",193,"AV",206,"HI",196,"AV","Reading Survey w/ Goals 2-5 AERO V1.1",188,3.3,45,188,"AV",193,"AV",182,"LO","Language Survey w/ Goals AERO V1.1",206,3,85,213,"HI",200,"HI",204,"HI",206,"HI"
1813,"M",3,"Fall 2009","Math Survey w/ Goals 2-5 NWEA V4.1",194,2.9,56,186,"LO",192,"AV",189,"AV",198,"HI",185,"LO",205,"HI",201,"HI","Reading Survey w/ Goals 2-5 AERO V1.1",181,3.2,28,185,"AV",178,"LO",179,"LO","Language Survey w/ Goals AERO V1.1",183,3,29,190,"AV",187,"AV",174,"LO",181,"LO"
2186,"M",4,"Fall 2009","Math Survey w/ Goals 2-5 NWEA V4.1",207,2.9,60,198,"LO",209,"AV",208,"AV",204,"AV",211,"HI",203,"AV",217,"HI","Reading Survey w/ Goals 2-5 AERO V1.1",209,3.4,74,220,"HI",206,"HI",198,"AV","Language Survey w/ Goals AERO V1.1",212,3,79,216,"HI",217,"HI",207,"HI",211,"HI"
1204,"M",5,"Fall 2009","Math Survey w/ Goals 2-5 NWEA V4.1",226,3.2,82,210,"AV",224,"HI",223,"HI",251,"HI",224,"HI",220,"HI",223,"HI","Reading Survey w/ Goals 2-5 AERO V1.1",195,3.4,20,190,"LO",192,"LO",203,"AV","Language Survey w/ Goals AERO V1.1",207,3,47,211,"AV",208,"AV",205,"AV",205,"AV"
2190,"M",4,"Fall 2009","Math Survey w/ Goals 2-5 NWEA V4.1",197,2.9,30,188,"LO",205,"AV",196,"LO",199,"AV",195,"LO",192,"LO",206,"AV","Reading Survey w/ Goals 2-5 AERO V1.1",200,3.3,51,194,"AV",210,"HI",198,"AV","Language Survey w/ Goals AERO V1.1",206,3,64,213,"HI",206,"AV",197,"AV",210,"HI"
1193,"F",5,"Fall 2009","Math Survey w/ Goals 2-5 NWEA V4.1",191,3.1,6,193,"LO",200,"LO",192,"LO",195,"LO",190,"LO",182,"LO",188,"LO","Reading Survey w/ Goals 2-5 AERO V1.1",189,3.4,10,193,"LO",184,"LO",189,"LO","Language Survey w/ Goals AERO V1.1",191,2.9,10,186,"LO",193,"LO",188,"LO",199,"LO"
1162,"M",4,"Fall 2009","Math Survey w/ Goals 2-5 NWEA V4.1",210,2.9,68,199,"AV",216,"HI",216,"HI",224,"HI",204,"AV",214,"HI",200,"AV","Reading Survey w/ Goals 2-5 AERO V1.1",210,3.4,76,210,"HI",204,"AV",216,"HI","Language Survey w/ Goals AERO V1.1",206,2.9,64,209,"HI",203,"AV",208,"HI",204,"AV"
1218,"M",5,"Fall 2009","Math Survey w/ Goals 2-5 NWEA V4.1",223,3,76,224,"HI",225,"HI",221,"HI",238,"HI",225,"HI",210,"AV",215,"AV","Reading Survey w/ Goals 2-5 AERO V1.1",234,3.3,97,224,"HI",244,"HI",234,"HI","Language Survey w/ Goals AERO V1.1",224,3,88,222,"HI",215,"HI",232,"HI",228,"HI"
1091,"F",9,"Fall 2009","Math Survey w/ Goals 6+ NWEA V4.1",243,3,70,236,"AV",240,"AV",244,"HI",252,"HI",239,"AV",247,"HI",246,"HI","Reading Survey 6+ AERO V1.1",231,4.7,74,NA,NA,NA,NA,NA,NA,"Language Survey w/ Goals AERO V1.1",232,2.9,81,221,"AV",226,"AV",243,"HI",238,"HI"
1302,"M",8,"Fall 2009","Math Survey w/ Goals 6+ NWEA V4.1",248,3,85,243,"HI",250,"HI",247,"HI",258,"HI",252,"HI",254,"HI",236,"AV","Reading Survey w/ Goals 6+ AERO V1.1",243,3.3,94,240,"HI",243,"HI",244,"HI","Language Survey w/ Goals AERO V1.1",238,3,93,236,"HI",242,"HI",232,"HI",244,"HI"
1374,"M",3,"Fall 2009","Math Survey w/ Goals 2-5 NWEA V4.1",183,3.1,23,172,"LO",191,"AV",190,"AV",190,"AV",195,"AV",171,"LO",178,"LO","Reading Survey w/ Goals 2-5 AERO V1.1",183,3.3,32,188,"AV",181,"LO",179,"LO","Language Survey w/ Goals AERO V1.1",190,3,47,204,"HI",184,"LO",178,"LO",196,"AV"
1181,"F",5,"Fall 2009","Math Survey w/ Goals 2-5 NWEA V4.1",198,3.1,15,177,"LO",198,"LO",210,"AV",191,"LO",191,"LO",212,"AV",209,"AV","Reading Survey w/ Goals 2-5 AERO V1.1",204,3.4,41,209,"AV",195,"LO",208,"AV","Language Survey w/ Goals AERO V1.1",207,3,47,209,"AV",214,"HI",206,"AV",200,"LO"
1394,"M",3,"Fall 2009","Math Survey w/ Goals 2-5 NWEA V4.1",179,2.9,15,166,"LO",180,"LO",186,"LO",185,"LO",181,"LO",177,"LO",177,"LO",NA,NA,NA,NA,NA,NA,NA,NA,NA,NA,NA,NA,NA,NA,NA,NA,NA,NA,NA,NA,NA,NA
1556,"M",4,"Fall 2009","Math Survey w/ Goals 2-5 NWEA V4.1",177,3,2,183,"LO",168,"LO",173,"LO",169,"LO",188,"LO",186,"LO",176,"LO","Reading Survey w/ Goals 2-5 AERO V1.1",165,3.7,1,166,"LO",159,"LO",170,"LO","Language Survey w/ Goals AERO V1.1",165,3,1,177,"LO",160,"LO",155,"LO",169,"LO"
1268,"F",7,"Fall 2009","Math Survey w/ Goals 6+ NWEA V4.1",228,3.1,56,231,"AV",232,"AV",229,"AV",219,"AV",223,"AV",235,"HI",234,"HI","Reading Survey w/ Goals 6+ AERO V1.1",227,3.4,77,230,"HI",228,"HI",223,"HI","Language Survey w/ Goals AERO V1.1",225,3.1,76,222,"HI",223,"HI",230,"HI",226,"HI"
1595,"M",8,"Fall 2009","Math Survey w/ Goals 6+ NWEA V4.1",232,2.9,54,224,"AV",244,"HI",226,"AV",231,"AV",224,"AV",245,"HI",227,"AV","Reading Survey w/ Goals 6+ AERO V1.1",219,3.4,49,225,"AV",216,"AV",215,"AV","Language Survey w/ Goals AERO V1.1",215,3.1,39,220,"AV",222,"AV",206,"LO",213,"LO"
1183,"F",5,"Fall 2009","Math Survey w/ Goals 2-5 NWEA V4.1",209,2.9,39,203,"LO",228,"HI",201,"LO",204,"LO",206,"LO",218,"AV",208,"AV","Reading Survey w/ Goals 2-5 AERO V1.1",209,3.3,55,206,"AV",208,"AV",213,"AV","Language Survey w/ Goals AERO V1.1",212,3,62,205,"AV",213,"AV",216,"HI",213,"AV"
2071,"M",5,"Fall 2009","Math Survey w/ Goals 2-5 NWEA V4.1",214,3,53,200,"LO",211,"AV",234,"HI",207,"AV",217,"AV",222,"HI",216,"AV","Reading Survey w/ Goals 2-5 AERO V1.1",200,3.4,31,202,"AV",201,"LO",196,"LO","Language Survey w/ Goals AERO V1.1",207,3,47,209,"AV",206,"AV",205,"AV",206,"AV"
1915,"M",8,"Fall 2009","Math Survey w/ Goals 6+ NWEA V4.1",224,3,36,211,"LO",239,"HI",217,"LO",232,"AV",219,"LO",219,"LO",231,"AV","Reading Survey w/ Goals 6+ AERO V1.1",219,3.3,49,220,"AV",227,"HI",210,"LO","Language Survey w/ Goals AERO V1.1",215,3.2,39,236,"HI",206,"LO",213,"LO",204,"LO"
1184,"M",5,"Fall 2009","Math Survey w/ Goals 2-5 NWEA V4.1",223,3,76,223,"HI",215,"AV",242,"HI",232,"HI",223,"HI",217,"AV",211,"AV","Reading Survey w/ Goals 2-5 AERO V1.1",205,3.3,44,201,"LO",209,"AV",206,"AV","Language Survey w/ Goals AERO V1.1",210,2.9,56,217,"HI",204,"AV",212,"AV",206,"AV"
1288,"F",8,"Fall 2009","Math Survey w/ Goals 6+ NWEA V4.1",225,2.9,38,222,"LO",228,"AV",213,"LO",231,"AV",228,"AV",227,"AV",230,"AV","Reading Survey w/ Goals 6+ AERO V1.1",218,3.3,47,212,"LO",221,"AV",220,"AV","Language Survey w/ Goals AERO V1.1",226,3,71,223,"AV",223,"AV",228,"HI",231,"HI"
1940,"F",4,"Fall 2009","Math Survey w/ Goals 2-5 NWEA V4.1",195,3,25,190,"LO",190,"LO",195,"LO",200,"AV",194,"LO",198,"LO",197,"LO","Reading Survey w/ Goals 2-5 AERO V1.1",198,3.4,45,191,"LO",201,"AV",204,"AV","Language Survey w/ Goals AERO V1.1",205,2.9,62,214,"HI",201,"AV",203,"AV",202,"AV"
1152,"F",4,"Fall 2009","Math Survey w/ Goals 2-5 NWEA V4.1",199,3,36,208,"AV",203,"AV",197,"LO",206,"AV",192,"LO",193,"LO",195,"LO","Reading Survey w/ Goals 2-5 AERO V1.1",190,3.3,25,188,"LO",197,"AV",186,"LO","Language Survey w/ Goals AERO V1.1",191,2.9,24,180,"LO",204,"AV",188,"LO",191,"LO"
1960,"F",4,"Fall 2009","Math Survey w/ Goals 2-5 NWEA V4.1",220,3.1,89,210,"HI",223,"HI",219,"HI",226,"HI",214,"HI",211,"HI",240,"HI","Reading Survey w/ Goals 2-5 AERO V1.1",198,3.5,45,194,"AV",202,"AV",199,"AV","Language Survey w/ Goals AERO V1.1",212,3,79,217,"HI",219,"HI",207,"HI",203,"AV"
1914,"F",8,"Fall 2009","Math Survey w/ Goals 6+ NWEA V4.1",237,2.9,66,241,"HI",234,"AV",238,"HI",239,"HI",227,"AV",250,"HI",226,"AV","Reading Survey w/ Goals 6+ AERO V1.1",219,3.3,49,225,"AV",218,"AV",212,"LO","Language Survey w/ Goals AERO V1.1",223,3,63,218,"AV",222,"AV",225,"HI",225,"HI"
1269,"F",7,"Fall 2009","Math Survey w/ Goals 6+ NWEA V4.1",242,3,84,251,"HI",243,"HI",241,"HI",238,"HI",237,"HI",239,"HI",244,"HI","Reading Survey w/ Goals 6+ AERO V1.1",223,3.3,68,223,"HI",227,"HI",221,"AV","Language Survey w/ Goals AERO V1.1",229,2.9,84,227,"HI",219,"AV",234,"HI",234,"HI"
1823,"M",8,"Fall 2009","Math Survey w/ Goals 6+ NWEA V4.1",223,3,34,227,"AV",222,"LO",222,"LO",224,"AV",221,"LO",225,"AV",218,"LO","Reading Survey w/ Goals 6+ AERO V1.1",226,3.3,67,228,"HI",221,"AV",229,"HI","Language Survey w/ Goals AERO V1.1",212,3,30,213,"LO",208,"LO",217,"AV",209,"LO"
1808,"M",4,"Fall 2009","Math Survey w/ Goals 2-5 NWEA V4.1",191,2.9,16,187,"LO",198,"LO",191,"LO",182,"LO",204,"AV",182,"LO",190,"LO","Reading Survey w/ Goals 2-5 AERO V1.1",201,3.3,53,191,"LO",207,"HI",204,"AV","Language Survey w/ Goals AERO V1.1",199,3.4,45,216,"HI",189,"LO",193,"LO",200,"AV"
2189,"M",4,"Fall 2009","Math Survey w/ Goals 2-5 NWEA V4.1",185,3.2,8,203,"AV",182,"LO",179,"LO",189,"LO",172,"LO",190,"LO",187,"LO","Reading Survey w/ Goals 2-5 AERO V1.1",185,3.4,15,175,"LO",187,"LO",194,"AV","Language Survey w/ Goals AERO V1.1",178,2.9,5,182,"LO",184,"LO",174,"LO",171,"LO"
1201,"F",5,"Fall 2009","Math Survey w/ Goals 2-5 NWEA V4.1",178,3,1,181,"LO",177,"LO",180,"LO",187,"LO",177,"LO",167,"LO",176,"LO","Reading Survey w/ Goals 2-5 AERO V1.1",201,3.2,33,197,"LO",208,"AV",199,"LO","Language Survey w/ Goals AERO V1.1",198,2.9,23,192,"LO",202,"LO",191,"LO",208,"AV"
1918,"F",8,"Fall 2009","Math Survey w/ Goals 6+ NWEA V4.1",234,3.1,59,225,"AV",221,"LO",233,"AV",233,"AV",248,"HI",245,"HI",227,"AV","Reading Survey w/ Goals 6+ AERO V1.1",233,3.7,82,237,"HI",226,"HI",235,"HI","Language Survey w/ Goals AERO V1.1",220,3,54,229,"HI",212,"LO",215,"AV",229,"HI"
1955,"M",4,"Fall 2009","Math Survey w/ Goals 2-5 NWEA V4.1",221,3,91,211,"HI",232,"HI",209,"AV",215,"HI",233,"HI",217,"HI",230,"HI","Reading Survey w/ Goals 2-5 AERO V1.1",220,3.4,92,214,"HI",228,"HI",219,"HI","Language Survey w/ Goals AERO V1.1",214,3.1,82,211,"HI",226,"HI",214,"HI",208,"HI"
1202,"F",5,"Fall 2009","Math Survey w/ Goals 2-5 NWEA V4.1",181,3.1,1,183,"LO",182,"LO",178,"LO",182,"LO",176,"LO",186,"LO",179,"LO","Reading Survey w/ Goals 2-5 AERO V1.1",187,3.3,8,188,"LO",188,"LO",184,"LO","Language Survey w/ Goals AERO V1.1",192,2.9,12,199,"LO",187,"LO",187,"LO",194,"LO"
1303,"F",8,"Fall 2009","Math Survey w/ Goals 6+ NWEA V4.1",236,3,63,232,"AV",231,"AV",247,"HI",240,"HI",232,"AV",239,"HI",232,"AV","Reading Survey w/ Goals 6+ AERO V1.1",228,3.3,72,219,"AV",236,"HI",231,"HI","Language Survey w/ Goals AERO V1.1",229,3.2,78,221,"AV",222,"AV",238,"HI",235,"HI"
1822,"F",3,"Fall 2009","Math Survey w/ Goals 2-5 NWEA V4.1",183,3.2,23,179,"LO",178,"LO",198,"HI",184,"LO",178,"LO",183,"LO",178,"LO","Reading Survey w/ Goals 2-5 AERO V1.1",188,3.3,45,191,"AV",187,"AV",188,"AV","Language Survey w/ Goals AERO V1.1",203,3.1,79,203,"HI",202,"HI",203,"HI",205,"HI"
1513,"M",5,"Fall 2009","Math Survey w/ Goals 2-5 NWEA V4.1",199,2.9,16,202,"LO",202,"LO",191,"LO",183,"LO",204,"LO",197,"LO",212,"AV","Reading Survey w/ Goals 2-5 AERO V1.1",210,3.4,58,200,"LO",218,"HI",212,"AV","Language Survey w/ Goals AERO V1.1",204,2.9,38,214,"HI",199,"LO",207,"AV",197,"LO"
1375,"M",3,"Fall 2009","Math Survey w/ Goals 2-5 NWEA V4.1",204,2.9,83,203,"HI",204,"HI",213,"HI",193,"AV",207,"HI",202,"HI",202,"HI","Reading Survey w/ Goals 2-5 AERO V1.1",200,3.3,75,192,"AV",206,"HI",201,"HI","Language Survey w/ Goals AERO V1.1",200,2.9,73,196,"AV",209,"HI",201,"HI",196,"AV"
1514,"M",8,"Fall 2009","Math Survey w/ Goals 6+ NWEA V4.1",246,3,82,243,"HI",241,"HI",255,"HI",268,"HI",231,"AV",238,"HI",250,"HI","Reading Survey w/ Goals 6+ AERO V1.1",219,3.2,49,222,"AV",224,"AV",213,"AV","Language Survey w/ Goals AERO V1.1",223,3.1,63,227,"HI",224,"AV",223,"AV",219,"AV"
1304,"M",8,"Fall 2009","Math Survey w/ Goals 6+ NWEA V4.1",236,3,63,236,"AV",251,"HI",241,"HI",233,"AV",228,"AV",240,"HI",225,"AV","Reading Survey w/ Goals 6+ AERO V1.1",221,3.4,55,222,"AV",219,"AV",221,"AV","Language Survey w/ Goals AERO V1.1",210,3.3,25,221,"AV",208,"LO",200,"LO",209,"LO"
1997,"M",8,"Fall 2009","Math Survey w/ Goals 6+ NWEA V4.1",228,2.9,45,235,"AV",250,"HI",224,"AV",207,"LO",217,"LO",240,"HI",224,"AV","Reading Survey w/ Goals 6+ AERO V1.1",223,3.3,60,222,"AV",221,"AV",226,"HI","Language Survey w/ Goals AERO V1.1",225,2.9,68,224,"AV",220,"AV",228,"HI",229,"HI"
1927,"F",7,"Fall 2009","Math Survey w/ Goals 6+ NWEA V4.1",227,3,53,237,"HI",218,"LO",213,"LO",227,"AV",250,"HI",217,"LO",225,"AV",NA,NA,NA,NA,NA,NA,NA,NA,NA,NA,"Language Survey w/ Goals AERO V1.1",219,3,60,224,"HI",215,"AV",218,"AV",220,"AV"
2104,"M",8,"Fall 2009","Math Survey w/ Goals 6+ NWEA V4.1",238,3,68,224,"AV",241,"HI",240,"HI",250,"HI",246,"HI",237,"AV",233,"AV","Reading Survey w/ Goals 6+ AERO V1.1",220,3.3,52,212,"LO",221,"AV",227,"HI","Language Survey w/ Goals AERO V1.1",214,2.9,36,215,"AV",211,"LO",219,"AV",211,"LO"
1203,"F",5,"Fall 2009","Math Survey w/ Goals 2-5 NWEA V4.1",200,3.1,18,204,"LO",185,"LO",203,"LO",201,"LO",190,"LO",206,"LO",208,"AV","Reading Survey w/ Goals 2-5 AERO V1.1",217,3.3,76,204,"AV",229,"HI",220,"HI","Language Survey w/ Goals AERO V1.1",211,2.9,59,214,"HI",210,"AV",208,"AV",213,"AV"
2187,"M",4,"Fall 2009","Math Survey w/ Goals 2-5 NWEA V4.1",204,3,51,186,"LO",201,"AV",194,"LO",206,"AV",215,"HI",201,"AV",224,"HI","Reading Survey w/ Goals 2-5 AERO V1.1",202,3.6,56,205,"AV",204,"AV",196,"AV","Language Survey w/ Goals AERO V1.1",187,3,16,182,"LO",187,"LO",186,"LO",192,"LO"
1398,"F",3,"Fall 2009","Math Survey w/ Goals 2-5 NWEA V4.1",201,2.9,76,204,"HI",190,"AV",201,"HI",194,"AV",202,"HI",211,"HI",205,"HI","Reading Survey w/ Goals 2-5 AERO V1.1",205,3.3,84,204,"HI",207,"HI",204,"HI","Language Survey w/ Goals AERO V1.1",208,3,88,203,"HI",209,"HI",212,"HI",209,"HI"
2129,"M",5,"Fall 2009","Math Survey w/ Goals 2-5 NWEA V4.1",218,2.9,64,193,"LO",222,"HI",221,"HI",222,"HI",221,"HI",227,"HI",225,"HI","Reading Survey w/ Goals 2-5 AERO V1.1",223,3.3,87,225,"HI",218,"HI",225,"HI","Language Survey w/ Goals AERO V1.1",215,2.9,70,210,"AV",212,"AV",222,"HI",214,"HI"
1092,"M",9,"Fall 2009","Math Survey w/ Goals 6+ NWEA V4.1",265,3.1,96,242,"HI",265,"HI",272,"HI",265,"HI",261,"HI",279,"HI",270,"HI","Reading Survey 6+ AERO V1.1",226,5.1,62,NA,NA,NA,NA,NA,NA,"Language Survey w/ Goals AERO V1.1",236,3,88,246,"HI",234,"HI",238,"HI",227,"HI"
1360,"M",5,"Fall 2009","Math Survey w/ Goals 2-5 NWEA V4.1",214,3,53,201,"LO",211,"AV",194,"LO",236,"HI",215,"AV",220,"HI",214,"AV","Reading Survey w/ Goals 2-5 AERO V1.1",224,3.3,88,225,"HI",224,"HI",224,"HI","Language Survey w/ Goals AERO V1.1",223,3.1,87,220,"HI",223,"HI",225,"HI",225,"HI"
1306,"F",8,"Fall 2009","Math Survey w/ Goals 6+ NWEA V4.1",223,2.9,34,211,"LO",230,"AV",229,"AV",207,"LO",231,"AV",211,"LO",244,"HI","Reading Survey w/ Goals 6+ AERO V1.1",232,3.3,80,233,"HI",233,"HI",231,"HI","Language Survey w/ Goals AERO V1.1",228,3,76,223,"AV",236,"HI",228,"HI",224,"AV"
1250,"F",7,"Fall 2009","Math Survey w/ Goals 6+ NWEA V4.1",223,2.9,44,209,"LO",220,"AV",223,"AV",228,"AV",229,"AV",232,"AV",226,"AV","Reading Survey w/ Goals 6+ AERO V1.1",212,3.4,38,208,"LO",212,"AV",217,"AV","Language Survey w/ Goals AERO V1.1",220,3.1,63,221,"AV",216,"AV",227,"HI",215,"AV"
2049,"M",9,"Fall 2009","Math Survey w/ Goals 6+ NWEA V4.1",232,3,46,243,"HI",229,"AV",221,"LO",232,"AV",235,"AV",225,"LO",241,"AV","Reading Survey 6+ AERO V1.1",226,4.6,62,NA,NA,NA,NA,NA,NA,"Language Survey w/ Goals AERO V1.1",232,3,81,235,"HI",232,"HI",235,"HI",228,"HI"
2086,"M",9,"Fall 2009","Math Survey w/ Goals 6+ NWEA V4.1",243,2.9,70,238,"AV",252,"HI",247,"HI",243,"HI",224,"LO",251,"HI",248,"HI","Reading Survey w/ Goals 6+ AERO V1.1",216,3.3,36,225,"AV",218,"AV",205,"LO","Language Survey w/ Goals AERO V1.1",218,3,42,214,"LO",213,"LO",218,"AV",224,"AV"
1891,"M",7,"Fall 2009","Math Survey w/ Goals 6+ NWEA V4.1",218,3.1,33,236,"HI",230,"AV",209,"LO",226,"AV",217,"LO",210,"LO",202,"LO",NA,NA,NA,NA,NA,NA,NA,NA,NA,NA,"Language Survey w/ Goals AERO V1.1",204,3,18,212,"AV",213,"AV",194,"LO",200,"LO"
1996,"M",3,"Fall 2009","Math Survey w/ Goals 2-5 NWEA V4.1",201,3,76,197,"AV",212,"HI",197,"AV",195,"AV",192,"AV",214,"HI",204,"HI","Reading Survey w/ Goals 2-5 AERO V1.1",185,3.7,37,185,"AV",188,"AV",182,"LO","Language Survey w/ Goals AERO V1.1",190,3.1,47,195,"AV",196,"AV",181,"LO",185,"AV"
1205,"F",5,"Fall 2009","Math Survey w/ Goals 2-5 NWEA V4.1",202,3.1,22,194,"LO",216,"AV",215,"AV",190,"LO",191,"LO",196,"LO",213,"AV","Reading Survey w/ Goals 2-5 AERO V1.1",215,3.3,71,210,"AV",220,"HI",217,"HI","Language Survey w/ Goals AERO V1.1",211,3,59,214,"HI",207,"AV",217,"HI",206,"AV"
1399,"M",3,"Fall 2009","Math Survey w/ Goals 2-5 NWEA V4.1",197,3,65,181,"LO",208,"HI",203,"HI",195,"AV",211,"HI",196,"AV",199,"HI","Reading Survey w/ Goals 2-5 AERO V1.1",198,3.3,71,199,"HI",209,"HI",188,"AV","Language Survey w/ Goals AERO V1.1",190,2.9,47,199,"HI",177,"LO",186,"AV",197,"AV"
1307,"F",8,"Fall 2009","Math Survey w/ Goals 6+ NWEA V4.1",239,3,70,228,"AV",242,"HI",241,"HI",242,"HI",236,"AV",252,"HI",230,"AV","Reading Survey w/ Goals 6+ AERO V1.1",229,3.4,74,228,"HI",232,"HI",225,"AV","Language Survey w/ Goals AERO V1.1",225,2.9,68,213,"LO",229,"HI",227,"HI",233,"HI"
1206,"F",5,"Fall 2009","Math Survey w/ Goals 2-5 NWEA V4.1",206,3,31,203,"LO",196,"LO",205,"LO",206,"LO",213,"AV",204,"LO",212,"AV","Reading Survey w/ Goals 2-5 AERO V1.1",201,3.4,33,195,"LO",204,"AV",204,"AV","Language Survey w/ Goals AERO V1.1",203,3,35,197,"LO",196,"LO",207,"AV",214,"HI"
1155,"M",4,"Fall 2009","Math Survey w/ Goals 2-5 NWEA V4.1",183,2.9,6,182,"LO",191,"LO",173,"LO",173,"LO",190,"LO",183,"LO",183,"LO","Reading Survey w/ Goals 2-5 AERO V1.1",192,3.3,29,191,"LO",185,"LO",203,"AV","Language Survey w/ Goals AERO V1.1",189,3,20,189,"LO",187,"LO",190,"LO",189,"LO"
1292,"M",8,"Fall 2009","Math Survey w/ Goals 6+ NWEA V4.1",234,3,59,236,"AV",234,"AV",230,"AV",232,"AV",244,"HI",242,"HI",223,"AV","Reading Survey w/ Goals 6+ AERO V1.1",226,3.4,67,224,"AV",238,"HI",217,"AV","Language Survey w/ Goals AERO V1.1",228,2.9,76,222,"AV",228,"HI",234,"HI",228,"HI"
1511,"M",4,"Fall 2009","Math Survey w/ Goals 2-5 NWEA V4.1",202,2.9,45,191,"LO",199,"AV",217,"HI",194,"LO",205,"AV",204,"AV",202,"AV","Reading Survey w/ Goals 2-5 AERO V1.1",199,3.3,48,202,"AV",198,"AV",197,"AV","Language Survey w/ Goals AERO V1.1",196,3.1,36,193,"LO",198,"AV",192,"LO",200,"AV"
1093,"M",9,"Fall 2009","Math Survey w/ Goals 6+ NWEA V4.1",231,3,44,235,"AV",233,"AV",242,"HI",241,"AV",217,"LO",238,"AV",218,"LO","Reading Survey 6+ AERO V1.1",223,4.7,54,NA,NA,NA,NA,NA,NA,"Language Survey w/ Goals AERO V1.1",225,2.9,63,222,"AV",231,"HI",227,"HI",222,"AV"
1309,"F",8,"Fall 2009","Math Survey w/ Goals 6+ NWEA V4.1",233,3,57,220,"LO",242,"HI",250,"HI",231,"AV",218,"LO",253,"HI",219,"LO","Reading Survey w/ Goals 6+ AERO V1.1",231,3.3,78,232,"HI",225,"AV",237,"HI","Language Survey w/ Goals AERO V1.1",228,2.9,76,227,"HI",223,"AV",225,"HI",235,"HI"
1516,"F",7,"Fall 2009","Math Survey w/ Goals 6+ NWEA V4.1",233,3,67,235,"HI",231,"AV",224,"AV",232,"AV",236,"HI",232,"AV",239,"HI","Reading Survey w/ Goals 6+ AERO V1.1",223,3.3,68,227,"HI",222,"AV",221,"AV","Language Survey w/ Goals AERO V1.1",222,2.9,68,230,"HI",226,"HI",220,"AV",212,"AV"
1167,"F",4,"Fall 2009","Math Survey w/ Goals 2-5 NWEA V4.1",217,3,84,220,"HI",217,"HI",218,"HI",210,"HI",225,"HI",213,"HI",218,"HI","Reading Survey w/ Goals 2-5 AERO V1.1",203,3.4,59,204,"AV",213,"HI",195,"AV","Language Survey w/ Goals AERO V1.1",202,3.2,53,199,"AV",191,"LO",202,"AV",214,"HI"
1187,"M",5,"Fall 2009","Math Survey w/ Goals 2-5 NWEA V4.1",230,3,89,235,"HI",233,"HI",227,"HI",229,"HI",229,"HI",225,"HI",237,"HI","Reading Survey w/ Goals 2-5 AERO V1.1",219,3.3,80,213,"AV",222,"HI",222,"HI","Language Survey w/ Goals AERO V1.1",219,2.9,79,219,"HI",214,"HI",227,"HI",215,"HI"
1519,"F",7,"Fall 2009","Math Survey w/ Goals 6+ NWEA V4.1",226,3,51,233,"HI",227,"AV",206,"LO",228,"AV",216,"LO",240,"HI",230,"AV",NA,NA,NA,NA,NA,NA,NA,NA,NA,NA,"Language Survey w/ Goals AERO V1.1",220,3,63,225,"HI",215,"AV",220,"AV",220,"AV"
1199,"F",5,"Fall 2009","Math Survey w/ Goals 2-5 NWEA V4.1",203,3,24,199,"LO",210,"AV",213,"AV",182,"LO",207,"AV",206,"LO",205,"LO","Reading Survey w/ Goals 2-5 AERO V1.1",197,3.2,24,201,"LO",193,"LO",198,"LO","Language Survey w/ Goals AERO V1.1",195,3,17,190,"LO",196,"LO",194,"LO",202,"LO"
1824,"F",8,"Fall 2009","Math Survey w/ Goals 6+ NWEA V4.1",254,3,92,254,"HI",257,"HI",272,"HI",261,"HI",246,"HI",241,"HI",251,"HI","Reading Survey w/ Goals 6+ AERO V1.1",241,3.3,93,246,"HI",234,"HI",243,"HI","Language Survey w/ Goals AERO V1.1",235,3.1,89,231,"HI",235,"HI",231,"HI",244,"HI"
1838,"M",3,"Fall 2009","Math Survey w/ Goals 2-5 NWEA V4.1",194,3.1,56,191,"AV",185,"LO",213,"HI",189,"AV",194,"AV",193,"AV",188,"AV","Reading Survey w/ Goals 2-5 AERO V1.1",204,3.3,83,200,"HI",207,"HI",207,"HI","Language Survey w/ Goals AERO V1.1",197,2.9,66,202,"HI",193,"AV",199,"HI",194,"AV"
2076,"F",4,"Fall 2009","Math Survey w/ Goals 2-5 NWEA V4.1",210,2.9,68,206,"AV",205,"AV",212,"HI",215,"HI",201,"AV",212,"HI",217,"HI","Reading Survey w/ Goals 2-5 AERO V1.1",205,3.3,64,211,"HI",206,"HI",199,"AV","Language Survey w/ Goals AERO V1.1",202,3,53,206,"AV",197,"AV",207,"HI",201,"AV"
1767,"F",8,"Fall 2009","Math Survey w/ Goals 6+ NWEA V4.1",246,3,82,250,"HI",249,"HI",248,"HI",249,"HI",242,"HI",240,"HI",246,"HI","Reading Survey w/ Goals 6+ AERO V1.1",238,3.3,90,241,"HI",233,"HI",240,"HI","Language Survey w/ Goals AERO V1.1",240,2.9,95,231,"HI",245,"HI",238,"HI",245,"HI"
2185,"F",4,"Fall 2009","Math Survey w/ Goals 2-5 NWEA V4.1",210,3,68,211,"HI",213,"HI",200,"AV",193,"LO",209,"AV",214,"HI",232,"HI","Reading Survey w/ Goals 2-5 AERO V1.1",214,3.3,84,216,"HI",213,"HI",212,"HI","Language Survey w/ Goals AERO V1.1",208,2.9,69,205,"AV",211,"HI",207,"HI",209,"HI"
1208,"M",5,"Fall 2009","Math Survey w/ Goals 2-5 NWEA V4.1",217,2.9,61,228,"HI",210,"AV",198,"LO",222,"HI",225,"HI",223,"HI",216,"AV","Reading Survey w/ Goals 2-5 AERO V1.1",230,3.4,95,226,"HI",235,"HI",229,"HI","Language Survey w/ Goals AERO V1.1",205,3,41,210,"AV",208,"AV",199,"LO",204,"AV"
1811,"M",3,"Fall 2009","Math Survey w/ Goals 2-5 NWEA V4.1",176,2.9,10,177,"LO",175,"LO",180,"LO",172,"LO",180,"LO",169,"LO",178,"LO","Reading Survey w/ Goals 2-5 AERO V1.1",171,3.3,10,175,"LO",169,"LO",168,"LO","Language Survey w/ Goals AERO V1.1",168,2.9,6,171,"LO",165,"LO",158,"LO",175,"LO"
1150,"F",9,"Fall 2009","Math Survey w/ Goals 6+ NWEA V4.1",202,3.2,4,187,"LO",202,"LO",213,"LO",209,"LO",201,"LO",215,"LO",185,"LO","Reading Survey w/ Goals 6+ AERO V1.1",211,3.3,25,219,"AV",212,"LO",202,"LO","Language Survey w/ Goals AERO V1.1",211,2.9,23,207,"LO",214,"LO",213,"LO",211,"LO"
1169,"M",4,"Fall 2009","Math Survey w/ Goals 2-5 NWEA V4.1",193,3,21,182,"LO",180,"LO",206,"AV",194,"LO",188,"LO",196,"LO",205,"AV","Reading Survey w/ Goals 2-5 AERO V1.1",183,3.4,12,174,"LO",181,"LO",194,"AV","Language Survey w/ Goals AERO V1.1",185,2.9,13,193,"LO",180,"LO",181,"LO",182,"LO"
1605,"M",9,"Fall 2009","Math Survey w/ Goals 6+ NWEA V4.1",245,3,74,240,"AV",247,"HI",256,"HI",239,"AV",238,"AV",256,"HI",243,"HI","Reading Survey w/ Goals 6+ AERO V1.1",225,3.4,59,223,"AV",226,"AV",227,"AV","Language Survey w/ Goals AERO V1.1",229,3,74,216,"AV",230,"HI",234,"HI",238,"HI"
2099,"F",9,"Fall 2009","Math Survey w/ Goals 6+ NWEA V4.1",239,3,62,247,"HI",238,"AV",239,"AV",238,"AV",243,"HI",250,"HI",220,"LO","Reading Survey 6+ AERO V1.1",228,4.8,67,NA,NA,NA,NA,NA,NA,"Language Survey w/ Goals AERO V1.1",223,2.9,57,223,"AV",219,"AV",221,"AV",228,"HI"
1923,"F",7,"Fall 2009","Math Survey w/ Goals 6+ NWEA V4.1",217,3,30,221,"AV",215,"LO",218,"LO",217,"LO",226,"AV",213,"LO",208,"LO",NA,NA,NA,NA,NA,NA,NA,NA,NA,NA,"Language Survey w/ Goals AERO V1.1",221,3,65,212,"AV",232,"HI",224,"HI",214,"AV"
2191,"F",4,"Fall 2009","Math Survey w/ Goals 2-5 NWEA V4.1",216,3,82,206,"AV",212,"HI",210,"HI",229,"HI",207,"AV",239,"HI",215,"HI","Reading Survey w/ Goals 2-5 AERO V1.1",207,3.3,69,206,"HI",212,"HI",204,"AV","Language Survey w/ Goals AERO V1.1",210,3,74,212,"HI",209,"HI",209,"HI",212,"HI"
1401,"F",3,"Fall 2009","Math Survey w/ Goals 2-5 NWEA V4.1",187,2.9,34,185,"LO",183,"LO",201,"HI",178,"LO",187,"AV",191,"AV",186,"LO","Reading Survey w/ Goals 2-5 AERO V1.1",178,3.3,21,182,"LO",183,"LO",169,"LO","Language Survey w/ Goals AERO V1.1",189,3,44,199,"HI",179,"LO",187,"AV",189,"AV"
1781,"M",9,"Fall 2009","Math Survey w/ Goals 6+ NWEA V4.1",226,3,33,233,"AV",236,"AV",220,"LO",222,"LO",215,"LO",233,"AV",223,"LO","Reading Survey 6+ AERO V1.1",206,5,15,NA,NA,NA,NA,NA,NA,"Language Survey w/ Goals AERO V1.1",217,3,39,222,"AV",213,"LO",216,"AV",216,"AV"
1170,"F",4,"Fall 2009","Math Survey w/ Goals 2-5 NWEA V4.1",188,3.2,11,178,"LO",191,"LO",185,"LO",192,"LO",194,"LO",197,"LO",182,"LO","Reading Survey w/ Goals 2-5 AERO V1.1",182,3.3,11,180,"LO",177,"LO",188,"LO","Language Survey w/ Goals AERO V1.1",189,3,20,195,"AV",182,"LO",195,"AV",186,"LO"
1095,"M",9,"Fall 2009","Math Survey w/ Goals 6+ NWEA V4.1",223,2.9,27,220,"LO",220,"LO",227,"AV",232,"AV",224,"LO",231,"AV",209,"LO","Reading Survey 6+ AERO V1.1",204,4.8,13,NA,NA,NA,NA,NA,NA,"Language Survey w/ Goals AERO V1.1",224,3.2,60,222,"AV",235,"HI",230,"HI",210,"LO"
1379,"F",3,"Fall 2009","Math Survey w/ Goals 2-5 NWEA V4.1",208,3.1,90,196,"AV",196,"AV",204,"HI",209,"HI",208,"HI",230,"HI",205,"HI","Reading Survey w/ Goals 2-5 AERO V1.1",220,3.3,98,218,"HI",220,"HI",222,"HI","Language Survey w/ Goals AERO V1.1",218,3,97,216,"HI",221,"HI",213,"HI",224,"HI"
2063,"M",5,"Fall 2009","Math Survey w/ Goals 2-5 NWEA V4.1",219,3,67,237,"HI",217,"AV",210,"AV",221,"HI",222,"HI",215,"AV",218,"AV","Reading Survey w/ Goals 2-5 AERO V1.1",196,3.3,22,191,"LO",194,"LO",202,"AV","Language Survey w/ Goals AERO V1.1",195,3,17,202,"LO",192,"LO",193,"LO",193,"LO"
1850,"M",4,"Fall 2009","Math Survey w/ Goals 2-5 NWEA V4.1",206,3,57,196,"LO",211,"HI",202,"AV",214,"HI",204,"AV",206,"AV",210,"HI","Reading Survey w/ Goals 2-5 AERO V1.1",212,3.4,80,217,"HI",213,"HI",207,"HI","Language Survey w/ Goals AERO V1.1",210,3,74,211,"HI",204,"AV",214,"HI",212,"HI"
1380,"F",3,"Fall 2009","Math Survey w/ Goals 2-5 NWEA V4.1",199,3,71,208,"HI",206,"HI",202,"HI",185,"LO",200,"HI",196,"AV",199,"HI","Reading Survey w/ Goals 2-5 AERO V1.1",192,3.3,56,200,"HI",191,"AV",184,"AV","Language Survey w/ Goals AERO V1.1",202,3.1,77,203,"HI",199,"HI",206,"HI",201,"HI"
1381,"M",3,"Fall 2009","Math Survey w/ Goals 2-5 NWEA V4.1",191,3,47,188,"AV",188,"AV",189,"AV",189,"AV",206,"HI",188,"AV",188,"AV","Reading Survey w/ Goals 2-5 AERO V1.1",196,3.5,66,193,"AV",193,"AV",201,"HI","Language Survey w/ Goals AERO V1.1",201,3.2,75,202,"HI",195,"AV",198,"HI",211,"HI"
1382,"M",3,"Fall 2009","Math Survey w/ Goals 2-5 NWEA V4.1",188,3,37,177,"LO",183,"LO",190,"AV",192,"AV",190,"AV",196,"AV",192,"AV","Reading Survey w/ Goals 2-5 AERO V1.1",203,3.5,81,208,"HI",196,"AV",204,"HI","Language Survey w/ Goals AERO V1.1",199,3.1,71,206,"HI",198,"HI",190,"AV",204,"HI"
1311,"M",8,"Fall 2009","Math Survey w/ Goals 6+ NWEA V4.1",220,3,27,231,"AV",210,"LO",219,"LO",214,"LO",232,"AV",232,"AV",207,"LO","Reading Survey w/ Goals 6+ AERO V1.1",218,3.3,47,215,"AV",216,"AV",223,"AV","Language Survey w/ Goals AERO V1.1",220,3.1,54,210,"LO",224,"AV",226,"HI",221,"AV"
1597,"M",8,"Fall 2009","Math Survey w/ Goals 6+ NWEA V4.1",251,3,89,241,"HI",260,"HI",258,"HI",251,"HI",254,"HI",246,"HI",246,"HI","Reading Survey w/ Goals 6+ AERO V1.1",249,3.4,98,244,"HI",247,"HI",257,"HI","Language Survey w/ Goals AERO V1.1",240,3,95,223,"AV",246,"HI",252,"HI",245,"HI"
1560,"M",4,"Fall 2009","Math Survey w/ Goals 2-5 NWEA V4.1",214,2.9,78,214,"HI",202,"AV",223,"HI",220,"HI",212,"HI",214,"HI",219,"HI","Reading Survey w/ Goals 2-5 AERO V1.1",223,3.4,95,230,"HI",217,"HI",222,"HI","Language Survey w/ Goals AERO V1.1",211,2.9,76,219,"HI",216,"HI",213,"HI",198,"AV"
2000,"M",4,"Fall 2009","Math Survey w/ Goals 2-5 NWEA V4.1",199,2.9,36,210,"HI",196,"LO",203,"AV",185,"LO",201,"AV",199,"AV",203,"AV","Reading Survey w/ Goals 2-5 AERO V1.1",209,3.3,74,204,"AV",215,"HI",209,"HI","Language Survey w/ Goals AERO V1.1",207,3,67,219,"HI",208,"HI",199,"AV",202,"AV"
1913,"M",9,"Fall 2009","Math Survey w/ Goals 6+ NWEA V4.1",234,3.2,50,240,"AV",238,"AV",218,"LO",230,"AV",223,"LO",259,"HI",218,"LO","Reading Survey w/ Goals 6+ AERO V1.1",238,3.4,86,238,"HI",241,"HI",235,"HI","Language Survey w/ Goals AERO V1.1",223,3,57,216,"AV",223,"AV",224,"AV",228,"HI"
1606,"F",9,"Fall 2009","Math Survey w/ Goals 6+ NWEA V4.1",239,3,62,236,"AV",233,"AV",234,"AV",239,"AV",237,"AV",255,"HI",236,"AV","Reading Survey w/ Goals 6+ AERO V1.1",225,3.5,59,232,"HI",222,"AV",222,"AV","Language Survey w/ Goals AERO V1.1",215,3,34,212,"LO",217,"AV",214,"LO",216,"AV"
1173,"M",4,"Fall 2009","Math Survey w/ Goals 2-5 NWEA V4.1",212,3,73,210,"HI",202,"AV",223,"HI",223,"HI",219,"HI",197,"LO",215,"HI","Reading Survey w/ Goals 2-5 AERO V1.1",202,3.4,56,203,"AV",209,"HI",193,"LO","Language Survey w/ Goals AERO V1.1",206,2.9,64,199,"AV",210,"HI",203,"AV",214,"HI"
1295,"F",8,"Fall 2009","Math Survey w/ Goals 6+ NWEA V4.1",238,3,68,255,"HI",240,"HI",230,"AV",242,"HI",230,"AV",232,"AV",236,"AV","Reading Survey w/ Goals 6+ AERO V1.1",229,3.4,74,237,"HI",229,"HI",221,"AV","Language Survey w/ Goals AERO V1.1",228,3,76,223,"AV",229,"HI",239,"HI",222,"AV"
2128,"F",5,"Fall 2009","Math Survey w/ Goals 2-5 NWEA V4.1",216,2.9,59,217,"AV",224,"HI",224,"HI",224,"HI",203,"LO",214,"AV",208,"AV","Reading Survey w/ Goals 2-5 AERO V1.1",207,3.2,50,215,"HI",203,"AV",205,"AV","Language Survey w/ Goals AERO V1.1",204,2.9,38,204,"AV",203,"AV",203,"AV",207,"AV"
2098,"F",9,"Fall 2009","Math Survey w/ Goals 6+ NWEA V4.1",243,2.9,70,247,"HI",231,"AV",234,"AV",252,"HI",242,"HI",254,"HI",240,"AV","Reading Survey 6+ AERO V1.1",229,4.7,69,NA,NA,NA,NA,NA,NA,"Language Survey w/ Goals AERO V1.1",227,3.1,69,220,"AV",233,"HI",228,"HI",227,"HI"
1190,"F",5,"Fall 2009","Math Survey w/ Goals 2-5 NWEA V4.1",202,3,22,219,"HI",211,"AV",195,"LO",194,"LO",185,"LO",206,"LO",198,"LO","Reading Survey w/ Goals 2-5 AERO V1.1",205,3.3,44,202,"AV",205,"AV",210,"AV","Language Survey w/ Goals AERO V1.1",215,3.1,70,219,"HI",209,"AV",216,"HI",216,"HI"
1296,"F",8,"Fall 2009","Math Survey w/ Goals 6+ NWEA V4.1",218,3.2,24,218,"LO",213,"LO",211,"LO",224,"AV",211,"LO",227,"AV",221,"LO","Reading Survey w/ Goals 6+ AERO V1.1",225,3.3,65,223,"AV",225,"AV",228,"HI","Language Survey w/ Goals AERO V1.1",226,2.9,71,230,"HI",220,"AV",221,"AV",233,"HI"
2141,"F",5,"Fall 2009","Math Survey w/ Goals 2-5 NWEA V4.1",191,3,6,195,"LO",184,"LO",188,"LO",186,"LO",196,"LO",196,"LO",190,"LO","Reading Survey w/ Goals 2-5 AERO V1.1",195,3.6,20,193,"LO",197,"LO",194,"LO","Language Survey w/ Goals AERO V1.1",187,3,6,188,"LO",187,"LO",181,"LO",191,"LO"
1402,"F",3,"Fall 2009","Math Survey w/ Goals 2-5 NWEA V4.1",205,3,85,200,"HI",206,"HI",213,"HI",209,"HI",200,"HI",207,"HI",201,"HI","Reading Survey w/ Goals 2-5 AERO V1.1",205,3.2,84,201,"HI",214,"HI",199,"HI","Language Survey w/ Goals AERO V1.1",205,3,83,209,"HI",197,"AV",210,"HI",202,"HI"
1274,"M",7,"Fall 2009","Math Survey w/ Goals 6+ NWEA V4.1",244,2.9,86,252,"HI",249,"HI",243,"HI",249,"HI",240,"HI",233,"HI",243,"HI","Reading Survey w/ Goals 6+ AERO V1.1",235,3.3,91,231,"HI",236,"HI",238,"HI","Language Survey w/ Goals AERO V1.1",234,2.9,92,235,"HI",235,"HI",232,"HI",235,"HI"
1160,"F",4,"Fall 2009","Math Survey w/ Goals 2-5 NWEA V4.1",215,3,80,202,"AV",220,"HI",211,"HI",218,"HI",223,"HI",216,"HI",217,"HI","Reading Survey w/ Goals 2-5 AERO V1.1",217,3.3,89,214,"HI",217,"HI",221,"HI","Language Survey w/ Goals AERO V1.1",206,2.9,64,199,"AV",203,"AV",212,"HI",209,"HI"
2050,"M",7,"Fall 2009","Math Survey w/ Goals 6+ NWEA V4.1",234,3,69,237,"HI",248,"HI",226,"AV",229,"AV",235,"HI",226,"AV",234,"HI","Reading Survey w/ Goals 6+ AERO V1.1",221,3.3,63,217,"AV",236,"HI",209,"LO","Language Survey w/ Goals AERO V1.1",221,3,65,211,"AV",223,"HI",219,"AV",231,"HI"
2047,"M",7,"Fall 2009","Math Survey w/ Goals 6+ NWEA V4.1",221,2.9,39,226,"AV",231,"AV",207,"LO",218,"LO",230,"AV",219,"AV",215,"LO",NA,NA,NA,NA,NA,NA,NA,NA,NA,NA,"Language Survey w/ Goals AERO V1.1",223,2.9,71,219,"AV",211,"AV",222,"HI",241,"HI"
1404,"F",3,"Fall 2009","Math Survey w/ Goals 2-5 NWEA V4.1",195,2.9,59,189,"AV",191,"AV",190,"AV",208,"HI",195,"AV",195,"AV",195,"AV","Reading Survey w/ Goals 2-5 AERO V1.1",195,3.3,63,183,"LO",201,"HI",202,"HI","Language Survey w/ Goals AERO V1.1",206,3.1,85,218,"HI",199,"HI",197,"AV",211,"HI"
1917,"F",8,"Fall 2009","Math Survey w/ Goals 6+ NWEA V4.1",226,3,40,233,"AV",219,"LO",223,"AV",228,"AV",235,"AV",228,"AV",217,"LO","Reading Survey w/ Goals 6+ AERO V1.1",223,3.3,60,226,"HI",217,"AV",224,"AV","Language Survey w/ Goals AERO V1.1",228,3,76,225,"HI",227,"HI",234,"HI",224,"AV"
2077,"F",9,"Fall 2009","Math Survey w/ Goals 6+ NWEA V4.1",233,2.9,48,220,"LO",231,"AV",231,"AV",245,"HI",235,"AV",233,"AV",238,"AV","Reading Survey w/ Goals 6+ AERO V1.1",220,3.4,46,223,"AV",211,"LO",225,"AV","Language Survey w/ Goals AERO V1.1",231,2.9,78,221,"AV",231,"HI",225,"AV",243,"HI"
2078,"M",7,"Fall 2009","Math Survey w/ Goals 6+ NWEA V4.1",203,3,9,216,"LO",205,"LO",208,"LO",190,"LO",183,"LO",205,"LO",215,"LO","Reading Survey w/ Goals 6+ AERO V1.1",210,3.3,33,207,"LO",203,"LO",221,"AV","Language Survey w/ Goals AERO V1.1",212,3,39,207,"LO",209,"LO",214,"AV",218,"AV"
1557,"M",4,"Fall 2009","Math Survey w/ Goals 2-5 NWEA V4.1",205,3.3,54,196,"LO",213,"HI",217,"HI",214,"HI",187,"LO",206,"AV",208,"AV","Reading Survey w/ Goals 2-5 AERO V1.1",202,3.4,56,206,"HI",202,"AV",197,"AV","Language Survey w/ Goals AERO V1.1",194,3,31,197,"AV",198,"AV",187,"LO",194,"LO"
1609,"F",8,"Fall 2009","Math Survey w/ Goals 6+ NWEA V4.1",240,3,72,228,"AV",249,"HI",250,"HI",250,"HI",230,"AV",239,"HI",236,"AV","Reading Survey w/ Goals 6+ AERO V1.1",216,3.3,41,217,"AV",222,"AV",208,"LO","Language Survey w/ Goals AERO V1.1",229,2.9,78,224,"AV",230,"HI",228,"HI",234,"HI"
1596,"F",8,"Fall 2009","Math Survey w/ Goals 6+ NWEA V4.1",255,3,93,259,"HI",261,"HI",242,"HI",253,"HI",262,"HI",256,"HI",258,"HI","Reading Survey w/ Goals 6+ AERO V1.1",249,3.4,98,246,"HI",255,"HI",247,"HI","Language Survey w/ Goals AERO V1.1",236,3.1,91,232,"HI",241,"HI",243,"HI",229,"HI"
1213,"M",5,"Fall 2009","Math Survey w/ Goals 2-5 NWEA V4.1",201,2.9,20,181,"LO",195,"LO",210,"AV",194,"LO",209,"AV",221,"HI",191,"LO","Reading Survey w/ Goals 2-5 AERO V1.1",190,3.4,11,194,"LO",196,"LO",181,"LO","Language Survey w/ Goals AERO V1.1",196,3,19,192,"LO",188,"LO",203,"AV",202,"LO"
2084,"F",8,"Fall 2009","Math Survey w/ Goals 6+ NWEA V4.1",228,3,45,222,"LO",225,"AV",240,"HI",217,"LO",234,"AV",222,"LO",234,"AV","Reading Survey w/ Goals 6+ AERO V1.1",227,3.3,70,231,"HI",224,"AV",228,"HI","Language Survey w/ Goals AERO V1.1",225,3,68,224,"AV",233,"HI",223,"AV",221,"AV"
1074,"M",9,"Fall 2009","Math Survey w/ Goals 6+ NWEA V4.1",236,3,55,242,"HI",238,"AV",238,"AV",226,"LO",231,"AV",239,"AV",238,"AV","Reading Survey w/ Goals 6+ AERO V1.1",231,3.3,74,226,"AV",232,"HI",234,"HI","Language Survey w/ Goals AERO V1.1",215,3,34,211,"LO",218,"AV",220,"AV",208,"LO"
2101,"M",8,"Fall 2009","Math Survey w/ Goals 6+ NWEA V4.1",236,2.9,63,235,"AV",238,"HI",247,"HI",245,"HI",220,"LO",233,"AV",234,"AV","Reading Survey w/ Goals 6+ AERO V1.1",210,3.4,27,216,"AV",205,"LO",209,"LO","Language Survey w/ Goals AERO V1.1",225,2.9,68,227,"HI",217,"AV",235,"HI",221,"AV"
1785,"M",3,"Fall 2009","Math Survey w/ Goals 2-5 NWEA V4.1",180,3.2,17,169,"LO",191,"AV",194,"AV",171,"LO",189,"AV",182,"LO",165,"LO","Reading Survey w/ Goals 2-5 AERO V1.1",176,3.3,18,176,"LO",176,"LO",176,"LO","Language Survey w/ Goals AERO V1.1",177,3.1,17,173,"LO",168,"LO",187,"AV",179,"LO"
1214,"F",5,"Fall 2009","Math Survey w/ Goals 2-5 NWEA V4.1",218,3,64,210,"AV",221,"HI",220,"HI",218,"AV",215,"AV",229,"HI",207,"AV","Reading Survey w/ Goals 2-5 AERO V1.1",209,3.4,55,205,"AV",222,"HI",202,"AV","Language Survey w/ Goals AERO V1.1",212,3,62,216,"HI",211,"AV",214,"HI",208,"AV"
1388,"F",3,"Fall 2009","Math Survey w/ Goals 2-5 NWEA V4.1",195,3,59,205,"HI",194,"AV",209,"HI",196,"AV",193,"AV",179,"LO",195,"AV","Reading Survey w/ Goals 2-5 AERO V1.1",198,3.3,71,192,"AV",202,"HI",200,"HI","Language Survey w/ Goals AERO V1.1",195,2.9,61,195,"AV",201,"HI",189,"AV",194,"AV"
1175,"M",4,"Fall 2009","Math Survey w/ Goals 2-5 NWEA V4.1",196,3,28,186,"LO",193,"LO",210,"HI",206,"AV",196,"LO",191,"LO",190,"LO","Reading Survey w/ Goals 2-5 AERO V1.1",190,3.5,25,201,"AV",187,"LO",182,"LO","Language Survey w/ Goals AERO V1.1",192,3,26,190,"LO",189,"LO",191,"LO",196,"AV"
1389,"F",3,"Fall 2009","Math Survey w/ Goals 2-5 NWEA V4.1",211,3,93,209,"HI",201,"HI",202,"HI",220,"HI",210,"HI",214,"HI",219,"HI","Reading Survey w/ Goals 2-5 AERO V1.1",199,3.3,73,196,"AV",206,"HI",195,"AV","Language Survey w/ Goals AERO V1.1",210,3,90,214,"HI",209,"HI",213,"HI",206,"HI"
