"7KG POCKET",7,"VALENCIA,CL 1,L,*,*",713,"49.00","343.00",14.55,15,2.08,2.14,2014-10-30
"7KG POCKET",7,"MIDKNIGHT,CL 2,S,*,*",15480,"844.00","5908.00",18.34,22,2.62,3.14,2014-10-30
"6KG POCKET",6,"VALENCIA,CL 2,S,*,*",22724,"1333.00","7998.00",17.05,24,2.84,4,2014-10-30
"6KG POCKET",6,"VALENCIA,CL 2,XL,*,*",8678,"474.00","2844.00",18.31,23,3.05,3.83,2014-10-30
"10KG POCKET",10,"MIDKNIGHT,CL 2,XL,*,*",5600,"160.00","1600.00",35,35,3.5,3.5,2014-10-30
"6KG POCKET",6,"VALENCIA,CL 2,L,*,*",19034,"888.00","5328.00",21.43,22,3.57,3.67,2014-10-30
"15KG CARTON TELESCOPIC",15,"MIDKNIGHT,CL 1,*,105,*",2290,"41.00","615.00",55.85,65,3.72,4.33,2014-10-30
"15KG CARTON TELESCOPIC",15,"VALENCIA,CL 2,*,105,*",24960,"443.00","6645.00",56.34,60,3.76,4,2014-10-30
"6KG POCKET",6,"VALENCIA,CL 2,M,*,*",30746,"1314.00","7884.00",23.4,24,3.9,4,2014-10-30
"15KG CARTON OPEN TOP",15,"VALENCIA,CL 1,*,70,*",31500,"525.00","7875.00",60,60,4,4,2014-10-30
"15KG CARTON TELESCOPIC",15,"VALENCIA,CL 1,*,105,*",2760,"46.00","690.00",60,60,4,4,2014-10-30
"15KG CARTON TELESCOPIC",15,"VALENCIA,CL 2,*,88,*",5570,"91.00","1365.00",61.21,70,4.08,4.67,2014-10-30
"6KG POCKET",6,"DELTA SEEDLESS,CL 2,M,*,*",13000,"520.00","3120.00",25,25,4.17,4.17,2014-10-30
"6KG POCKET",6,"MIDKNIGHT,CL 2,L,*,*",19732,"709.00","4254.00",27.83,28,4.64,4.67,2014-10-30
"15KG CARTON TELESCOPIC",15,"DELTA SEEDLESS,CL 1,*,88,*",16800,"240.00","3600.00",70,70,4.67,4.67,2014-10-30
"15KG CARTON TELESCOPIC",15,"MIDKNIGHT,CL 1,*,88,*",5816,"83.00","1245.00",70.07,72,4.67,4.8,2014-10-30
"15KG CARTON TELESCOPIC",15,"VALENCIA,CL 2,*,72,*",3990,"57.00","855.00",70,70,4.67,4.67,2014-10-30
"15KG CARTON TELESCOPIC",15,"DELTA SEEDLESS,CL 1,*,72,*",14688,"204.00","3060.00",72,72,4.8,4.8,2014-10-30
"15KG CARTON TELESCOPIC",15,"MIDKNIGHT,CL 1,*,72,*",32667,"453.00","6795.00",72.11,75,4.81,5,2014-10-30
"15KG CARTON TELESCOPIC",15,"VALENCIA,CL 1,*,88,*",300,"4.00","60.00",75,75,5,5,2014-10-30
"15KG CARTON TELESCOPIC",15,"VALENCIA,CL 2,*,64,*",6900,"90.00","1350.00",76.67,80,5.11,5.33,2014-10-30
"15KG CARTON TELESCOPIC",15,"VALENCIA,CL 1,*,64,*",41175,"525.00","7875.00",78.43,80,5.23,5.33,2014-10-30
"15KG CARTON TELESCOPIC",15,"VALENCIA,CL 1,*,56,*",13035,"165.00","2475.00",79,80,5.27,5.33,2014-10-30
"15KG CARTON TELESCOPIC",15,"VALENCIA,CL 1,*,72,*",19460,"244.00","3660.00",79.75,80,5.32,5.33,2014-10-30
"15KG CARTON TELESCOPIC",15,"VALENCIA,CL 1,*,48,*",1920,"24.00","360.00",80,80,5.33,5.33,2014-10-30
"15KG CARTON TELESCOPIC",15,"VALENCIA,CL 2,*,56,*",160,"2.00","30.00",80,80,5.33,5.33,2014-10-30
"15KG CARTON OPEN TOP",15,"VALENCIA,CL 1,*,55,*",23400,"260.00","3900.00",90,90,6,6,2014-10-30
"6KG POCKET",6,"DELTA SEEDLESS,CL 2,S,*,*",304,"152.00","912.00",2,2,0.33,0.33,2014-11-06
"7KG POCKET",7,"MIDKNIGHT,CL 2,S,*,*",1592,"287.00","2009.00",5.55,13,0.79,1.86,2014-11-06
"6KG POCKET",6,"MIDKNIGHT,CL 2,L,*,*",16,"2.00","12.00",8,8,1.33,1.33,2014-11-06
"6KG POCKET",6,"VALENCIA,CL 2,XL,*,*",9981,"726.00","4356.00",13.75,28,2.29,4.67,2014-11-06
"6KG POCKET",6,"VALENCIA,CL 2,L,*,*",31648,"2121.00","12726.00",14.92,28,2.49,4.67,2014-11-06
"6KG POCKET",6,"VALENCIA,CL 2,S,*,*",40584,"2703.00","16218.00",15.01,22,2.5,3.67,2014-11-06
"6KG POCKET",6,"VALENCIA,CL 2,M,*,*",21277,"1118.00","6708.00",19.03,28,3.17,4.67,2014-11-06
"15KG CARTON OPEN TOP",15,"VALENCIA,CL 1,*,50,*",2800,"56.00","840.00",50,50,3.33,3.33,2014-11-06
"15KG CARTON TELESCOPIC",15,"VALENCIA,CL 1,*,65,*",15600,"260.00","3900.00",60,60,4,4,2014-11-06
"15KG CARTON TELESCOPIC",15,"VALENCIA,CL 2,*,105,*",23340,"389.00","5835.00",60,60,4,4,2014-11-06
"15KG CARTON TELESCOPIC",15,"VALENCIA,CL 2,*,125,*",14460,"241.00","3615.00",60,60,4,4,2014-11-06
"15KG CARTON OPEN TOP",15,"VALENCIA,CL 1,*,65,*",39505,"610.00","9150.00",64.76,90,4.32,6,2014-11-06
"15KG CARTON TELESCOPIC",15,"MIDKNIGHT,CL 1,*,88,*",432,"6.00","90.00",72,72,4.8,4.8,2014-11-06
"15KG CARTON TELESCOPIC",15,"VALENCIA,CL 2,*,88,*",145,"2.00","30.00",72.5,80,4.83,5.33,2014-11-06
"15KG CARTON TELESCOPIC",15,"VALENCIA,CL 1,*,105,*",75,"1.00","15.00",75,75,5,5,2014-11-06
"15KG CARTON TELESCOPIC",15,"VALENCIA,CL 1,*,88,*",230,"3.00","45.00",76.67,80,5.11,5.33,2014-11-06
"15KG CARTON TELESCOPIC",15,"VALENCIA,CL 2,*,64,*",23840,"307.00","4605.00",77.65,80,5.18,5.33,2014-11-06
"15KG CARTON OPEN TOP",15,"VALENCIA,CL 1,*,60,*",44810,"576.00","8640.00",77.8,90,5.19,6,2014-11-06
"15KG CARTON TELESCOPIC",15,"VALENCIA,CL 2,*,48,*",2150,"27.00","405.00",79.63,80,5.31,5.33,2014-11-06
"15KG CARTON TELESCOPIC",15,"VALENCIA,CL 2,*,72,*",88890,"1113.00","16695.00",79.87,80,5.32,5.33,2014-11-06
"15KG CARTON TELESCOPIC",15,"VALENCIA,CL 1,*,40,*",240,"3.00","45.00",80,80,5.33,5.33,2014-11-06
"15KG CARTON TELESCOPIC",15,"VALENCIA,CL 1,*,48,*",800,"10.00","150.00",80,80,5.33,5.33,2014-11-06
"15KG CARTON TELESCOPIC",15,"VALENCIA,CL 1,*,56,*",20000,"250.00","3750.00",80,80,5.33,5.33,2014-11-06
"15KG CARTON TELESCOPIC",15,"VALENCIA,CL 1,*,64,*",2240,"28.00","420.00",80,80,5.33,5.33,2014-11-06
"15KG CARTON OPEN TOP",15,"NAVEL,CL 1,*,40,*",340,"4.00","60.00",85,85,5.67,5.67,2014-11-06
"15KG CARTON TELESCOPIC",15,"NAVEL,CL 2,*,56,*",2550,"30.00","450.00",85,85,5.67,5.67,2014-11-06
"15KG CARTON TELESCOPIC",15,"NAVEL,CL 1,*,64,*",9000,"105.00","1575.00",85.71,90,5.71,6,2014-11-06
"15KG CARTON TELESCOPIC",15,"NAVEL,CL 1,*,48,*",1170,"13.00","195.00",90,90,6,6,2014-11-06
"6KG POCKET",6,"VALENCIA,CL 2,S,*,*",14329,"4698.00","28188.00",3.05,24,0.51,4,2014-11-10
"6KG POCKET",6,"VALENCIA,CL 2,M,*,*",2990,"502.00","3012.00",5.96,24,0.99,4,2014-11-10
"2KG POCKET",2,"VALENCIA,CL 1,M,*,*",1320,"660.00","1320.00",2,2,1,1,2014-11-10
"6KG POCKET",6,"VALENCIA,CL 2,XL,*,*",2264,"130.00","780.00",17.42,20,2.9,3.33,2014-11-10
"6KG POCKET",6,"MIDKNIGHT,CL 1,M,*,*",2850,"142.00","852.00",20.07,22,3.35,3.67,2014-11-10
"15KG CARTON TELESCOPIC",15,"MIDKNIGHT,CL 1,*,88,*",720,"12.00","180.00",60,60,4,4,2014-11-10
"15KG CARTON TELESCOPIC",15,"VALENCIA,CL 2,*,125,*",1200,"20.00","300.00",60,60,4,4,2014-11-10
"15KG CARTON TELESCOPIC",15,"VALENCIA,CL 2,*,48,*",1020,"17.00","255.00",60,60,4,4,2014-11-10
"15KG CARTON TELESCOPIC",15,"VALENCIA,CL 2,*,56,*",540,"9.00","135.00",60,60,4,4,2014-11-10
"6KG POCKET",6,"MIDKNIGHT,CL 1,L,*,*",96,"4.00","24.00",24,24,4,4,2014-11-10
"15KG CARTON OPEN TOP",15,"VALENCIA,CL 1,*,65,*",43225,"715.00","10725.00",60.45,65,4.03,4.33,2014-11-10
"15KG CARTON TELESCOPIC",15,"VALENCIA,CL 2,*,105,*",10570,"172.00","2580.00",61.45,65,4.1,4.33,2014-11-10
"6KG POCKET",6,"VALENCIA,CL 2,L,*,*",32692,"1316.00","7896.00",24.84,26,4.14,4.33,2014-11-10
"15KG CARTON TELESCOPIC",15,"VALENCIA,CL 1,*,105,*",11200,"160.00","2400.00",70,70,4.67,4.67,2014-11-10
"15KG CARTON TELESCOPIC",15,"VALENCIA,CL 1,*,56,*",2700,"37.00","555.00",72.97,80,4.86,5.33,2014-11-10
"15KG CARTON TELESCOPIC",15,"VALENCIA,CL 2,*,88,*",16280,"218.00","3270.00",74.68,80,4.98,5.33,2014-11-10
"15KG CARTON TELESCOPIC",15,"VALENCIA,CL 1,*,125,*",300,"4.00","60.00",75,75,5,5,2014-11-10
"15KG CARTON TELESCOPIC",15,"MIDKNIGHT,CL 1,*,72,*",995,"13.00","195.00",76.54,85,5.1,5.67,2014-11-10
"15KG CARTON TELESCOPIC",15,"VALENCIA,CL 1,*,64,*",6640,"83.00","1245.00",80,80,5.33,5.33,2014-11-10
"15KG CARTON TELESCOPIC",15,"VALENCIA,CL 1,*,72,*",12800,"160.00","2400.00",80,80,5.33,5.33,2014-11-10
"15KG CARTON TELESCOPIC",15,"VALENCIA,CL 1,*,88,*",6480,"81.00","1215.00",80,80,5.33,5.33,2014-11-10
"15KG CARTON TELESCOPIC",15,"VALENCIA,CL 2,*,64,*",39623,"496.00","7440.00",79.89,80,5.33,5.33,2014-11-10
"15KG CARTON TELESCOPIC",15,"VALENCIA,CL 2,*,72,*",40400,"505.00","7575.00",80,80,5.33,5.33,2014-11-10
"15KG CARTON OPEN TOP",15,"VALENCIA,CL 1,*,55,*",20190,"251.00","3765.00",80.44,90,5.36,6,2014-11-10
"15KG CARTON TELESCOPIC",15,"NAVEL,CL 2,*,48,*",19920,"240.00","3600.00",83,83,5.53,5.53,2014-11-10
"15KG CARTON TELESCOPIC",15,"NAVEL,CL 1,*,56,*",850,"10.00","150.00",85,85,5.67,5.67,2014-11-10
"15KG CARTON TELESCOPIC",15,"VALENCIA,CL 1,*,48,*",170,"2.00","30.00",85,85,5.67,5.67,2014-11-10
"15KG CARTON OPEN TOP",15,"VALENCIA,CL 1,*,60,*",8435,"99.00","1485.00",85.2,90,5.68,6,2014-11-10
"15KG CARTON TELESCOPIC",15,"NAVEL,CL 2,*,64,*",1390,"16.00","240.00",86.88,90,5.79,6,2014-11-10
"15KG CARTON OPEN TOP",15,"NAVEL,CL 1,*,40,*",90,"1.00","15.00",90,90,6,6,2014-11-10
"15KG CARTON TELESCOPIC",15,"NAVEL,CL 1,*,48,*",180,"2.00","30.00",90,90,6,6,2014-11-10
"7KG POCKET",7,"MIDKNIGHT,CL 2,S,*,*",119.72,"41.00","287.00",2.92,2.92,0.42,0.42,2014-11-12
"6KG POCKET",6,"VALENCIA,CL 2,XL,*,*",16,"1.00","6.00",16,16,2.67,2.67,2014-11-12
"6KG POCKET",6,"VALENCIA,CL 2,S,*,*",47154,"2685.00","16110.00",17.56,18,2.93,3,2014-11-12
"6KG POCKET",6,"NAVEL,CL 2,L,*,*",10083,"563.00","3378.00",17.91,24,2.98,4,2014-11-12
"6KG POCKET",6,"VALENCIA,CL 2,L,*,*",5610,"256.00","1536.00",21.91,26,3.65,4.33,2014-11-12
"6KG POCKET",6,"VALENCIA,CL 2,M,*,*",10772,"466.00","2796.00",23.12,25,3.85,4.17,2014-11-12
"15KG CARTON TELESCOPIC",15,"VALENCIA,CL 2,*,125,*",360,"6.00","90.00",60,60,4,4,2014-11-12
"15KG CARTON TELESCOPIC",15,"VALENCIA,CL 1,*,105,*",1240,"19.00","285.00",65.26,70,4.35,4.67,2014-11-12
"15KG CARTON TELESCOPIC",15,"DELTA SEEDLESS,CL 1,*,88,*",150,"2.00","30.00",75,75,5,5,2014-11-12
"15KG CARTON TELESCOPIC",15,"VALENCIA,CL 2,*,88,*",22230,"291.00","4365.00",76.39,80,5.09,5.33,2014-11-12
"15KG CARTON TELESCOPIC",15,"VALENCIA,CL 2,*,72,*",82880,"1041.00","15615.00",79.62,80,5.31,5.33,2014-11-12
"15KG CARTON TELESCOPIC",15,"VALENCIA,CL 1,*,56,*",11520,"144.00","2160.00",80,80,5.33,5.33,2014-11-12
"15KG CARTON TELESCOPIC",15,"VALENCIA,CL 1,*,64,*",11200,"140.00","2100.00",80,80,5.33,5.33,2014-11-12
"15KG CARTON TELESCOPIC",15,"VALENCIA,CL 1,*,72,*",46400,"580.00","8700.00",80,80,5.33,5.33,2014-11-12
"15KG CARTON TELESCOPIC",15,"VALENCIA,CL 1,*,88,*",17025,"213.00","3195.00",79.93,80,5.33,5.33,2014-11-12
"15KG CARTON TELESCOPIC",15,"VALENCIA,CL 2,*,56,*",17600,"220.00","3300.00",80,80,5.33,5.33,2014-11-12
"15KG CARTON TELESCOPIC",15,"VALENCIA,CL 2,*,64,*",9040,"113.00","1695.00",80,80,5.33,5.33,2014-11-12
"15KG CARTON TELESCOPIC",15,"VALENCIA,CL 1,*,48,*",21430,"266.00","3990.00",80.56,85,5.37,5.67,2014-11-12
"15KG CARTON TELESCOPIC",15,"MIDKNIGHT,CL 1,*,64,*",2195,"27.00","405.00",81.3,85,5.42,5.67,2014-11-12
"15KG CARTON TELESCOPIC",15,"NAVEL,CL 1,*,64,*",13280,"160.00","2400.00",83,83,5.53,5.53,2014-11-12
"15KG CARTON TELESCOPIC",15,"NAVEL,CL 2,*,48,*",6640,"80.00","1200.00",83,83,5.53,5.53,2014-11-12
"15KG CARTON TELESCOPIC",15,"NAVEL,CL 1,*,48,*",2421,"29.00","435.00",83.48,90,5.57,6,2014-11-12
"15KG CARTON TELESCOPIC",15,"NAVEL,CL 1,*,56,*",29058,"346.00","5190.00",83.98,85,5.6,5.67,2014-11-12
"15KG CARTON TELESCOPIC",15,"NAVEL,CL 2,*,40,*",5311,"63.00","945.00",84.3,90,5.62,6,2014-11-12
"15KG CARTON TELESCOPIC",15,"NAVEL,CL 2,*,64,*",255,"3.00","45.00",85,85,5.67,5.67,2014-11-12
"15KG CARTON OPEN TOP",15,"VALENCIA,CL 1,*,60,*",6995,"82.00","1230.00",85.3,90,5.69,6,2014-11-12
"15KG CARTON OPEN TOP",15,"VALENCIA,CL 1,*,65,*",90,"1.00","15.00",90,90,6,6,2014-11-12
"15KG CARTON TELESCOPIC",15,"VALENCIA,CL 2,*,48,*",6300,"70.00","1050.00",90,90,6,6,2014-11-12
"7KG POCKET",7,"MIDKNIGHT,CL 2,S,*,*",670,"121.00","847.00",5.54,10,0.79,1.43,2014-11-13
"3KG POCKET",3,"VALENCIA,CL 1,S,*,*",40,"8.00","24.00",5,5,1.67,1.67,2014-11-13
"15KG CARTON TELESCOPIC",15,"VALENCIA,CL 2,*,56,*",2400,"80.00","1200.00",30,30,2,2,2014-11-13
"15KG CARTON TELESCOPIC",15,"VALENCIA,CL 2,*,88,*",3050,"94.00","1410.00",32.45,80,2.16,5.33,2014-11-13
"6KG POCKET",6,"VALENCIA,CL 2,L,*,*",2840,"178.00","1068.00",15.96,26,2.66,4.33,2014-11-13
"6KG POCKET",6,"VALENCIA,CL 2,S,*,*",31372,"1820.00","10920.00",17.24,18,2.87,3,2014-11-13
"6KG POCKET",6,"VALENCIA,CL 2,XL,*,*",2016,"112.00","672.00",18,18,3,3,2014-11-13
"6KG POCKET",6,"NAVEL,CL 2,L,*,*",1322,"69.00","414.00",19.16,20,3.19,3.33,2014-11-13
"6KG POCKET",6,"VALENCIA,CL 2,M,*,*",18826,"815.00","4890.00",23.1,25,3.85,4.17,2014-11-13
"15KG CARTON TELESCOPIC",15,"VALENCIA,CL 1,*,125,*",415,"6.00","90.00",69.17,70,4.61,4.67,2014-11-13
"15KG CARTON TELESCOPIC",15,"VALENCIA,CL 1,*,105,*",5810,"83.00","1245.00",70,70,4.67,4.67,2014-11-13
"15KG CARTON TELESCOPIC",15,"VALENCIA,CL 2,*,105,*",7000,"100.00","1500.00",70,70,4.67,4.67,2014-11-13
"15KG CARTON TELESCOPIC",15,"VALENCIA,CL 2,*,72,*",25060,"347.00","5205.00",72.22,80,4.81,5.33,2014-11-13
"15KG CARTON TELESCOPIC",15,"VALENCIA,CL 2,*,64,*",14900,"205.00","3075.00",72.68,80,4.85,5.33,2014-11-13
"15KG CARTON TELESCOPIC",15,"VALENCIA,CL 1,*,88,*",83850,"1146.00","17190.00",73.17,80,4.88,5.33,2014-11-13
"15KG CARTON TELESCOPIC",15,"VALENCIA,CL 1,*,48,*",3545,"44.00","660.00",80.57,85,5.37,5.67,2014-11-13
"15KG CARTON TELESCOPIC",15,"MIDKNIGHT,CL 1,*,64,*",820,"10.00","150.00",82,84,5.47,5.6,2014-11-13
"15KG CARTON TELESCOPIC",15,"NAVEL,CL 1,*,56,*",7985,"95.00","1425.00",84.05,90,5.6,6,2014-11-13
"15KG CARTON TELESCOPIC",15,"NAVEL,CL 2,*,40,*",255,"3.00","45.00",85,85,5.67,5.67,2014-11-13
"15KG CARTON OPEN TOP",15,"VALENCIA,CL 1,*,60,*",7930,"93.00","1395.00",85.27,90,5.68,6,2014-11-13
"15KG CARTON TELESCOPIC",15,"NAVEL,CL 1,*,48,*",1210,"14.00","210.00",86.43,90,5.76,6,2014-11-13
"15KG CARTON OPEN TOP",15,"NAVEL,CL 1,*,40,*",180,"2.00","30.00",90,90,6,6,2014-11-13
"15KG CARTON TELESCOPIC",15,"NAVEL,CL 2,*,48,*",180,"2.00","30.00",90,90,6,6,2014-11-13
"7KG POCKET",7,"MIDKNIGHT,CL 2,S,*,*",547.2,"159.00","1113.00",3.44,10,0.49,1.43,2014-11-14
"6KG POCKET",6,"MIDKNIGHT,CL 1,L,*,*",256,"64.00","384.00",4,4,0.67,0.67,2014-11-14
"6KG POCKET",6,"VALENCIA,CL 2,L,*,*",863,"54.00","324.00",15.98,20,2.66,3.33,2014-11-14
"6KG POCKET",6,"VALENCIA,CL 2,S,*,*",45594,"2533.00","15198.00",18,18,3,3,2014-11-14
"6KG POCKET",6,"VALENCIA,CL 2,XL,*,*",200,"10.00","60.00",20,20,3.33,3.33,2014-11-14
"6KG POCKET",6,"VALENCIA,CL 2,M,*,*",2476,"110.00","660.00",22.51,24,3.75,4,2014-11-14
"6KG POCKET",6,"NAVEL,CL 2,L,*,*",11915,"498.00","2988.00",23.93,25,3.99,4.17,2014-11-14
"15KG CARTON OPEN TOP",15,"VALENCIA,CL 1,*,55,*",7800,"130.00","1950.00",60,60,4,4,2014-11-14
"15KG CARTON TELESCOPIC",15,"VALENCIA,CL 1,*,105,*",370,"6.00","90.00",61.67,70,4.11,4.67,2014-11-14
"15KG CARTON TELESCOPIC",15,"VALENCIA,CL 2,*,105,*",18615,"278.00","4170.00",66.96,70,4.46,4.67,2014-11-14
"15KG CARTON TELESCOPIC",15,"DELTA SEEDLESS,CL 1,*,88,*",5910,"82.00","1230.00",72.07,75,4.8,5,2014-11-14
"15KG CARTON OPEN TOP",15,"VALENCIA,CL 1,*,60,*",69560,"956.00","14340.00",72.76,85,4.85,5.67,2014-11-14
"15KG CARTON TELESCOPIC",15,"VALENCIA,CL 1,*,88,*",35190,"482.00","7230.00",73.01,75,4.87,5,2014-11-14
"15KG CARTON TELESCOPIC",15,"VALENCIA,CL 1,*,48,*",2750,"37.00","555.00",74.32,80,4.95,5.33,2014-11-14
"15KG CARTON TELESCOPIC",15,"VALENCIA,CL 2,*,72,*",49912,"627.00","9405.00",79.6,80,5.31,5.33,2014-11-14
"15KG CARTON TELESCOPIC",15,"VALENCIA,CL 2,*,88,*",7410,"93.00","1395.00",79.68,80,5.31,5.33,2014-11-14
"15KG CARTON TELESCOPIC",15,"VALENCIA,CL 1,*,40,*",6400,"80.00","1200.00",80,80,5.33,5.33,2014-11-14
"15KG CARTON TELESCOPIC",15,"VALENCIA,CL 1,*,56,*",1200,"15.00","225.00",80,80,5.33,5.33,2014-11-14
"15KG CARTON TELESCOPIC",15,"VALENCIA,CL 1,*,64,*",6400,"80.00","1200.00",80,80,5.33,5.33,2014-11-14
"15KG CARTON TELESCOPIC",15,"VALENCIA,CL 2,*,64,*",21360,"267.00","4005.00",80,80,5.33,5.33,2014-11-14
"15KG CARTON TELESCOPIC",15,"MIDKNIGHT,CL 1,*,64,*",2250,"28.00","420.00",80.36,90,5.36,6,2014-11-14
"15KG CARTON OPEN TOP",15,"NAVEL,CL 1,*,40,*",3785,"45.00","675.00",84.11,90,5.61,6,2014-11-14
"15KG CARTON TELESCOPIC",15,"NAVEL,CL 1,*,48,*",1795,"21.00","315.00",85.48,90,5.7,6,2014-11-14
"15KG CARTON TELESCOPIC",15,"NAVEL,CL 1,*,56,*",90,"1.00","15.00",90,90,6,6,2014-11-14
"15KG CARTON TELESCOPIC",15,"NAVEL,CL 2,*,40,*",450,"5.00","75.00",90,90,6,6,2014-11-14
"6KG POCKET",6,"MIDKNIGHT,CL 2,S,*,*",554.4,"154.00","924.00",3.6,3.6,0.6,0.6,2014-11-17
"6KG POCKET",6,"VALENCIA,CL 2,S,*,*",24078,"1614.00","9684.00",14.92,16,2.49,2.67,2014-11-17
"6KG POCKET",6,"NAVEL,CL 2,L,*,*",11928,"657.00","3942.00",18.16,20,3.03,3.33,2014-11-17
"6KG POCKET",6,"VALENCIA,CL 2,M,*,*",4486,"227.00","1362.00",19.76,24,3.29,4,2014-11-17
"15KG CARTON TELESCOPIC",15,"VALENCIA,CL 1,*,125,*",2500,"50.00","750.00",50,50,3.33,3.33,2014-11-17
"6KG POCKET",6,"VALENCIA,CL 2,L,*,*",10448,"482.00","2892.00",21.68,24,3.61,4,2014-11-17
"15KG CARTON TELESCOPIC",15,"VALENCIA,CL 1,*,48,*",8200,"146.00","2190.00",56.16,80,3.74,5.33,2014-11-17
"15KG CARTON TELESCOPIC",15,"VALENCIA,CL 1,*,105,*",56900,"818.00","12270.00",69.56,70,4.64,4.67,2014-11-17
"15KG CARTON TELESCOPIC",15,"VALENCIA,CL 2,*,105,*",18430,"264.00","3960.00",69.81,70,4.65,4.67,2014-11-17
"15KG CARTON TELESCOPIC",15,"MIDKNIGHT,CL 1,*,105,*",70,"1.00","15.00",70,70,4.67,4.67,2014-11-17
"15KG CARTON TELESCOPIC",15,"NAVEL,CL 2,*,105,*",350,"5.00","75.00",70,70,4.67,4.67,2014-11-17
"15KG CARTON TELESCOPIC",15,"DELTA SEEDLESS,CL 1,*,88,*",23250,"310.00","4650.00",75,75,5,5,2014-11-17
"15KG CARTON TELESCOPIC",15,"VALENCIA,CL 1,*,88,*",825,"11.00","165.00",75,75,5,5,2014-11-17
"15KG CARTON TELESCOPIC",15,"VALENCIA,CL 2,*,48,*",6000,"80.00","1200.00",75,75,5,5,2014-11-17
"15KG CARTON TELESCOPIC",15,"MIDKNIGHT,CL 1,*,72,*",5570,"71.00","1065.00",78.45,80,5.23,5.33,2014-11-17
"15KG CARTON TELESCOPIC",15,"VALENCIA,CL 2,*,72,*",46610,"590.00","8850.00",79,80,5.27,5.33,2014-11-17
"15KG CARTON TELESCOPIC",15,"MIDKNIGHT,CL 1,*,56,*",5990,"75.00","1125.00",79.87,80,5.32,5.33,2014-11-17
"15KG CARTON TELESCOPIC",15,"VALENCIA,CL 1,*,56,*",5600,"70.00","1050.00",80,80,5.33,5.33,2014-11-17
"15KG CARTON TELESCOPIC",15,"VALENCIA,CL 1,*,64,*",4160,"52.00","780.00",80,80,5.33,5.33,2014-11-17
"15KG CARTON TELESCOPIC",15,"VALENCIA,CL 1,*,72,*",6400,"80.00","1200.00",80,80,5.33,5.33,2014-11-17
"15KG CARTON TELESCOPIC",15,"VALENCIA,CL 2,*,40,*",6400,"80.00","1200.00",80,80,5.33,5.33,2014-11-17
"15KG CARTON TELESCOPIC",15,"VALENCIA,CL 2,*,56,*",32800,"410.00","6150.00",80,80,5.33,5.33,2014-11-17
"15KG CARTON TELESCOPIC",15,"VALENCIA,CL 2,*,88,*",62560,"782.00","11730.00",80,80,5.33,5.33,2014-11-17
"15KG CARTON TELESCOPIC",15,"NAVEL,CL 2,*,56,*",3975,"47.00","705.00",84.57,90,5.64,6,2014-11-17
"15KG CARTON TELESCOPIC",15,"NAVEL,CL 1,*,48,*",1020,"12.00","180.00",85,85,5.67,5.67,2014-11-17
"15KG CARTON TELESCOPIC",15,"NAVEL,CL 1,*,56,*",1445,"17.00","255.00",85,85,5.67,5.67,2014-11-17
"15KG CARTON TELESCOPIC",15,"NAVEL,CL 2,*,40,*",3150,"35.00","525.00",90,90,6,6,2014-11-17
"6KG POCKET",6,"VALENCIA,CL 2,S,*,*",9110,"514.00","3084.00",17.72,22,2.95,3.67,2014-11-19
"6KG POCKET",6,"NAVEL,CL 2,L,*,*",10026,"541.00","3246.00",18.53,24,3.09,4,2014-11-19
"6KG POCKET",6,"VALENCIA,CL 2,M,*,*",24789,"1038.00","6228.00",23.88,26,3.98,4.33,2014-11-19
"6KG POCKET",6,"VALENCIA,CL 2,L,*,*",2100,"86.00","516.00",24.42,26,4.07,4.33,2014-11-19
"6KG POCKET",6,"VALENCIA,CL 2,XL,*,*",3740,"145.00","870.00",25.79,26,4.3,4.33,2014-11-19
"15KG CARTON TELESCOPIC",15,"VALENCIA,CL 1,*,105,*",5600,"80.00","1200.00",70,70,4.67,4.67,2014-11-19
"15KG CARTON TELESCOPIC",15,"VALENCIA,CL 1,*,125,*",350,"5.00","75.00",70,70,4.67,4.67,2014-11-19
"15KG CARTON TELESCOPIC",15,"VALENCIA,CL 2,*,105,*",35840,"512.00","7680.00",70,70,4.67,4.67,2014-11-19
"15KG CARTON TELESCOPIC",15,"MIDKNIGHT,CL 1,*,105,*",17580,"240.00","3600.00",73.25,85,4.88,5.67,2014-11-19
"15KG CARTON TELESCOPIC",15,"VALENCIA,CL 1,*,88,*",15075,"201.00","3015.00",75,75,5,5,2014-11-19
"15KG CARTON TELESCOPIC",15,"VALENCIA,CL 1,*,48,*",4620,"58.00","870.00",79.66,80,5.31,5.33,2014-11-19
"15KG CARTON TELESCOPIC",15,"VALENCIA,CL 1,*,56,*",7120,"89.00","1335.00",80,80,5.33,5.33,2014-11-19
"15KG CARTON TELESCOPIC",15,"VALENCIA,CL 1,*,64,*",13600,"170.00","2550.00",80,80,5.33,5.33,2014-11-19
"15KG CARTON TELESCOPIC",15,"VALENCIA,CL 2,*,48,*",1680,"21.00","315.00",80,80,5.33,5.33,2014-11-19
"15KG CARTON TELESCOPIC",15,"VALENCIA,CL 2,*,88,*",38880,"486.00","7290.00",80,80,5.33,5.33,2014-11-19
"15KG CARTON TELESCOPIC",15,"NAVEL,CL 1,*,48,*",13440,"160.00","2400.00",84,85,5.6,5.67,2014-11-19
"15KG CARTON TELESCOPIC",15,"DELTA SEEDLESS,CL 1,*,64,*",85,"1.00","15.00",85,85,5.67,5.67,2014-11-19
"15KG CARTON TELESCOPIC",15,"NAVEL,CL 2,*,56,*",425,"5.00","75.00",85,85,5.67,5.67,2014-11-19
"15KG CARTON TELESCOPIC",15,"NAVEL,CL 2,*,40,*",5860,"68.00","1020.00",86.18,90,5.75,6,2014-11-19
"15KG CARTON TELESCOPIC",15,"VALENCIA,CL 2,*,72,*",32720,"369.00","5535.00",88.67,90,5.91,6,2014-11-19
"15KG CARTON TELESCOPIC",15,"VALENCIA,CL 1,*,72,*",14400,"160.00","2400.00",90,90,6,6,2014-11-19
"15KG CARTON TELESCOPIC",15,"VALENCIA,CL 2,*,56,*",28800,"320.00","4800.00",90,90,6,6,2014-11-19
"15KG CARTON TELESCOPIC",15,"VALENCIA,CL 2,*,64,*",14400,"160.00","2400.00",90,90,6,6,2014-11-19
"6KG POCKET",6,"VALENCIA,CL 2,XL,*,*",4990,"497.00","2982.00",10.04,20,1.67,3.33,2014-11-24
"6KG POCKET",6,"VALENCIA,CL 2,L,*,*",3310,"305.00","1830.00",10.85,18,1.81,3,2014-11-24
"10KG JUMBLE CARTON",10,"VALENCIA,CL 2,S,*,*",5250,"210.00","2100.00",25,25,2.5,2.5,2014-11-24
"6KG POCKET",6,"VALENCIA,CL 2,S,*,*",618,"41.00","246.00",15.07,18,2.51,3,2014-11-24
"6KG POCKET",6,"NAVEL,CL 2,L,*,*",30985,"1466.00","8796.00",21.14,25,3.52,4.17,2014-11-24
"6KG POCKET",6,"VALENCIA,CL 2,M,*,*",23888,"1094.00","6564.00",21.84,25,3.64,4.17,2014-11-24
"15KG CARTON TELESCOPIC",15,"VALENCIA,CL 1,*,125,*",370,"6.00","90.00",61.67,70,4.11,4.67,2014-11-24
"6KG POCKET",6,"MIDKNIGHT,CL 2,L,*,*",410,"15.00","90.00",27.33,28,4.56,4.67,2014-11-24
"15KG CARTON OPEN TOP",15,"VALENCIA,CL 1,*,50,*",4550,"65.00","975.00",70,70,4.67,4.67,2014-11-24
"15KG CARTON OPEN TOP",15,"VALENCIA,CL 1,*,55,*",13650,"195.00","2925.00",70,70,4.67,4.67,2014-11-24
"15KG CARTON OPEN TOP",15,"VALENCIA,CL 1,*,60,*",18340,"262.00","3930.00",70,70,4.67,4.67,2014-11-24
"15KG CARTON OPEN TOP",15,"VALENCIA,CL 1,*,65,*",8050,"115.00","1725.00",70,70,4.67,4.67,2014-11-24
"15KG CARTON TELESCOPIC",15,"VALENCIA,CL 1,*,60,*",4550,"65.00","975.00",70,70,4.67,4.67,2014-11-24
"15KG CARTON TELESCOPIC",15,"VALENCIA,CL 1,*,65,*",10710,"153.00","2295.00",70,70,4.67,4.67,2014-11-24
"15KG CARTON TELESCOPIC",15,"VALENCIA,CL 2,*,105,*",4420,"63.00","945.00",70.16,80,4.68,5.33,2014-11-24
"15KG CARTON TELESCOPIC",15,"VALENCIA,CL 1,*,48,*",2560,"33.00","495.00",77.58,85,5.17,5.67,2014-11-24
"15KG CARTON TELESCOPIC",15,"MIDKNIGHT,CL 1,*,105,*",2400,"30.00","450.00",80,80,5.33,5.33,2014-11-24
"15KG CARTON TELESCOPIC",15,"VALENCIA,CL 2,*,48,*",400,"5.00","75.00",80,80,5.33,5.33,2014-11-24
"15KG CARTON TELESCOPIC",15,"VALENCIA,CL 2,*,88,*",84720,"1059.00","15885.00",80,80,5.33,5.33,2014-11-24
"15KG CARTON TELESCOPIC",15,"VALENCIA,CL 1,*,72,*",7180,"83.00","1245.00",86.51,95,5.77,6.33,2014-11-24
"15KG CARTON TELESCOPIC",15,"VALENCIA,CL 1,*,88,*",780,"9.00","135.00",86.67,95,5.78,6.33,2014-11-24
"15KG CARTON TELESCOPIC",15,"VALENCIA,CL 2,*,72,*",4840,"53.00","795.00",91.32,95,6.09,6.33,2014-11-24
"15KG CARTON TELESCOPIC",15,"VALENCIA,CL 1,*,56,*",555,"6.00","90.00",92.5,95,6.17,6.33,2014-11-24
"15KG CARTON TELESCOPIC",15,"MIDKNIGHT,CL 1,*,72,*",4465,"47.00","705.00",95,95,6.33,6.33,2014-11-24
"15KG CARTON TELESCOPIC",15,"VALENCIA,CL 2,*,64,*",2850,"30.00","450.00",95,95,6.33,6.33,2014-11-24
"15KG CARTON TELESCOPIC",15,"MIDKNIGHT,CL 1,*,48,*",500,"5.00","75.00",100,100,6.67,6.67,2014-11-24
"15KG CARTON TELESCOPIC",15,"MIDKNIGHT,CL 1,*,64,*",6600,"66.00","990.00",100,100,6.67,6.67,2014-11-24
"6KG POCKET",6,"VALENCIA,CL 2,L,*,*",8860,"501.00","3006.00",17.68,20,2.95,3.33,2014-11-25
"6KG POCKET",6,"VALENCIA,CL 2,XL,*,*",9194,"460.00","2760.00",19.99,20,3.33,3.33,2014-11-25
"6KG POCKET",6,"VALENCIA,CL 2,M,*,*",19066,"948.00","5688.00",20.11,26,3.35,4.33,2014-11-25
"6KG POCKET",6,"NAVEL,CL 2,L,*,*",19825,"919.00","5514.00",21.57,24,3.6,4,2014-11-25
"15KG CARTON TELESCOPIC",15,"VALENCIA,CL 1,*,105,*",26000,"400.00","6000.00",65,65,4.33,4.33,2014-11-25
"15KG CARTON TELESCOPIC",15,"VALENCIA,CL 1,*,125,*",6020,"86.00","1290.00",70,70,4.67,4.67,2014-11-25
"15KG CARTON TELESCOPIC",15,"VALENCIA,CL 2,*,125,*",5600,"80.00","1200.00",70,70,4.67,4.67,2014-11-25
"6KG POCKET",6,"MIDKNIGHT,CL 2,L,*,*",308,"11.00","66.00",28,28,4.67,4.67,2014-11-25
"15KG CARTON TELESCOPIC",15,"VALENCIA,CL 2,*,105,*",23020,"328.00","4920.00",70.18,80,4.68,5.33,2014-11-25
"15KG CARTON OPEN TOP",15,"VALENCIA,CL 1,*,65,*",6340,"82.00","1230.00",77.32,95,5.15,6.33,2014-11-25
"15KG CARTON TELESCOPIC",15,"VALENCIA,CL 1,*,48,*",320,"4.00","60.00",80,80,5.33,5.33,2014-11-25
"15KG CARTON TELESCOPIC",15,"VALENCIA,CL 2,*,88,*",45360,"567.00","8505.00",80,80,5.33,5.33,2014-11-25
"15KG CARTON TELESCOPIC",15,"VALENCIA,CL 1,*,72,*",16460,"205.00","3075.00",80.29,90,5.35,6,2014-11-25
"15KG CARTON TELESCOPIC",15,"VALENCIA,CL 1,*,88,*",63625,"784.00","11760.00",81.15,85,5.41,5.67,2014-11-25
"15KG CARTON TELESCOPIC",15,"MIDKNIGHT,CL 1,*,88,*",2475,"29.00","435.00",85.34,95,5.69,6.33,2014-11-25
"15KG CARTON TELESCOPIC",15,"VALENCIA,CL 1,*,64,*",27220,"310.00","4650.00",87.81,95,5.85,6.33,2014-11-25
"15KG CARTON TELESCOPIC",15,"VALENCIA,CL 1,*,56,*",1530,"17.00","255.00",90,90,6,6,2014-11-25
"15KG CARTON TELESCOPIC",15,"VALENCIA,CL 2,*,64,*",49865,"541.00","8115.00",92.17,95,6.14,6.33,2014-11-25
"15KG CARTON TELESCOPIC",15,"VALENCIA,CL 2,*,72,*",1395,"15.00","225.00",93,95,6.2,6.33,2014-11-25
"15KG CARTON TELESCOPIC",15,"VALENCIA,CL 2,*,56,*",62320,"660.00","9900.00",94.42,95,6.29,6.33,2014-11-25
"15KG CARTON TELESCOPIC",15,"VALENCIA,CL 2,*,48,*",7600,"80.00","1200.00",95,95,6.33,6.33,2014-11-25
"15KG CARTON TELESCOPIC",15,"MIDKNIGHT,CL 1,*,72,*",6945,"73.00","1095.00",95.14,100,6.34,6.67,2014-11-25
"15KG CARTON TELESCOPIC",15,"MIDKNIGHT,CL 1,*,48,*",3100,"31.00","465.00",100,100,6.67,6.67,2014-11-25
"15KG CARTON TELESCOPIC",15,"MIDKNIGHT,CL 1,*,64,*",8400,"84.00","1260.00",100,100,6.67,6.67,2014-11-25
"15KG CARTON TELESCOPIC",15,"NAVEL,CL 2,*,56,*",300,"3.00","45.00",100,100,6.67,6.67,2014-11-25
"6KG POCKET",6,"VALENCIA,CL 2,L,*,*",3035,"257.00","1542.00",11.81,25,1.97,4.17,2014-11-26
"6KG POCKET",6,"VALENCIA,CL 2,XL,*,*",210,"14.00","84.00",15,20,2.5,3.33,2014-11-26
"15KG CARTON OPEN TOP",15,"VALENCIA,CL 1,*,50,*",10780,"243.00","3645.00",44.36,50,2.96,3.33,2014-11-26
"6KG POCKET",6,"VALENCIA,CL 2,M,*,*",13382,"750.00","4500.00",17.84,26,2.97,4.33,2014-11-26
"6KG POCKET",6,"VALENCIA,CL 2,S,*,*",10044,"513.00","3078.00",19.58,20,3.26,3.33,2014-11-26
"6KG POCKET",6,"NAVEL,CL 2,L,*,*",11313,"552.00","3312.00",20.49,25,3.42,4.17,2014-11-26
"15KG CARTON OPEN TOP",15,"VALENCIA,CL 1,*,60,*",15480,"258.00","3870.00",60,60,4,4,2014-11-26
"15KG CARTON TELESCOPIC",15,"VALENCIA,CL 1,*,105,*",22730,"355.00","5325.00",64.03,70,4.27,4.67,2014-11-26
"15KG CARTON TELESCOPIC",15,"VALENCIA,CL 2,*,105,*",14380,"213.00","3195.00",67.51,70,4.5,4.67,2014-11-26
"15KG CARTON TELESCOPIC",15,"VALENCIA,CL 1,*,125,*",140,"2.00","30.00",70,70,4.67,4.67,2014-11-26
"15KG CARTON TELESCOPIC",15,"VALENCIA,CL 2,*,125,*",70,"1.00","15.00",70,70,4.67,4.67,2014-11-26
"6KG POCKET",6,"MIDKNIGHT,CL 2,L,*,*",28,"1.00","6.00",28,28,4.67,4.67,2014-11-26
"15KG CARTON TELESCOPIC",15,"VALENCIA,CL 2,*,64,*",27495,"360.00","5400.00",76.38,95,5.09,6.33,2014-11-26
"15KG CARTON TELESCOPIC",15,"VALENCIA,CL 1,*,88,*",6400,"80.00","1200.00",80,80,5.33,5.33,2014-11-26
"15KG CARTON TELESCOPIC",15,"VALENCIA,CL 2,*,88,*",152195,"1903.00","28545.00",79.98,85,5.33,5.67,2014-11-26
"15KG CARTON TELESCOPIC",15,"MIDKNIGHT,CL 1,*,88,*",4335,"51.00","765.00",85,85,5.67,5.67,2014-11-26
"15KG CARTON TELESCOPIC",15,"VALENCIA,CL 2,*,72,*",42165,"475.00","7125.00",88.77,95,5.92,6.33,2014-11-26
"15KG CARTON OPEN TOP",15,"VALENCIA,CL 1,*,65,*",90,"1.00","15.00",90,90,6,6,2014-11-26
"15KG CARTON TELESCOPIC",15,"VALENCIA,CL 1,*,56,*",450,"5.00","75.00",90,90,6,6,2014-11-26
"15KG CARTON TELESCOPIC",15,"VALENCIA,CL 1,*,64,*",6300,"70.00","1050.00",90,90,6,6,2014-11-26
"15KG CARTON TELESCOPIC",15,"VALENCIA,CL 1,*,72,*",11340,"126.00","1890.00",90,90,6,6,2014-11-26
"15KG CARTON TELESCOPIC",15,"MIDKNIGHT,CL 1,*,72,*",5120,"54.00","810.00",94.81,95,6.32,6.33,2014-11-26
"6KG POCKET",6,"VALENCIA,CL 2,XL,*,*",806,"53.00","318.00",15.21,20,2.53,3.33,2014-12-01
"6KG POCKET",6,"MIDKNIGHT,CL 2,L,*,*",180,"9.00","54.00",20,20,3.33,3.33,2014-12-01
"6KG POCKET",6,"VALENCIA,CL 2,S,*,*",18136,"825.00","4950.00",21.98,24,3.66,4,2014-12-01
"6KG POCKET",6,"VALENCIA,CL 2,M,*,*",7214,"310.00","1860.00",23.27,24,3.88,4,2014-12-01
"15KG CARTON TELESCOPIC",15,"VALENCIA,CL 1,*,125,*",8450,"130.00","1950.00",65,65,4.33,4.33,2014-12-01
"15KG CARTON TELESCOPIC",15,"VALENCIA,CL 1,*,105,*",11465,"173.00","2595.00",66.27,75,4.42,5,2014-12-01
"15KG CARTON TELESCOPIC",15,"VALENCIA,CL 2,*,125,*",1050,"15.00","225.00",70,70,4.67,4.67,2014-12-01
"15KG CARTON TELESCOPIC",15,"MIDKNIGHT,CL 1,*,105,*",985,"14.00","210.00",70.36,75,4.69,5,2014-12-01
"15KG CARTON TELESCOPIC",15,"VALENCIA,CL 2,*,88,*",7020,"88.00","1320.00",79.77,80,5.32,5.33,2014-12-01
"15KG CARTON TELESCOPIC",15,"VALENCIA,CL 1,*,72,*",32160,"402.00","6030.00",80,80,5.33,5.33,2014-12-01
"15KG CARTON TELESCOPIC",15,"VALENCIA,CL 1,*,88,*",4610,"55.00","825.00",83.82,85,5.59,5.67,2014-12-01
"15KG CARTON TELESCOPIC",15,"VALENCIA,CL 1,*,64,*",6895,"81.00","1215.00",85.12,95,5.67,6.33,2014-12-01
"15KG CARTON TELESCOPIC",15,"VALENCIA,CL 2,*,64,*",24405,"285.00","4275.00",85.63,95,5.71,6.33,2014-12-01
"15KG CARTON TELESCOPIC",15,"VALENCIA,CL 1,*,56,*",2130,"24.00","360.00",88.75,95,5.92,6.33,2014-12-01
"15KG CARTON OPEN TOP",15,"VALENCIA,CL 1,*,65,*",360,"4.00","60.00",90,90,6,6,2014-12-01
"15KG CARTON TELESCOPIC",15,"VALENCIA,CL 2,*,72,*",360,"4.00","60.00",90,90,6,6,2014-12-01
"15KG CARTON TELESCOPIC",15,"VALENCIA,CL 2,*,56,*",820,"9.00","135.00",91.11,95,6.07,6.33,2014-12-01
"6KG POCKET",6,"VALENCIA,CL 2,S,*,*",176,"11.00","66.00",16,16,2.67,2.67,2014-12-02
"15KG CARTON OPEN TOP",15,"VALENCIA,CL 1,*,65,*",400,"8.00","120.00",50,50,3.33,3.33,2014-12-02
"6KG POCKET",6,"VALENCIA,CL 2,L,*,*",25413,"1255.00","7530.00",20.25,26,3.37,4.33,2014-12-02
"6KG POCKET",6,"VALENCIA,CL 2,M,*,*",11266,"495.00","2970.00",22.76,24,3.79,4,2014-12-02
"15KG CARTON TELESCOPIC",15,"VALENCIA,CL 1,*,125,*",2600,"40.00","600.00",65,65,4.33,4.33,2014-12-02
"15KG CARTON TELESCOPIC",15,"VALENCIA,CL 2,*,88,*",37815,"563.00","8445.00",67.17,95,4.48,6.33,2014-12-02
"15KG CARTON TELESCOPIC",15,"VALENCIA,CL 2,*,105,*",27280,"393.00","5895.00",69.41,70,4.63,4.67,2014-12-02
"15KG CARTON TELESCOPIC",15,"MIDKNIGHT,CL 1,*,105,*",280,"4.00","60.00",70,70,4.67,4.67,2014-12-02
"15KG CARTON TELESCOPIC",15,"MIDKNIGHT,CL 1,*,88,*",4900,"70.00","1050.00",70,70,4.67,4.67,2014-12-02
"15KG CARTON TELESCOPIC",15,"VALENCIA,CL 2,*,125,*",4900,"70.00","1050.00",70,70,4.67,4.67,2014-12-02
"15KG CARTON TELESCOPIC",15,"VALENCIA,CL 1,*,105,*",17580,"249.00","3735.00",70.6,75,4.71,5,2014-12-02
"15KG CARTON TELESCOPIC",15,"VALENCIA,CL 1,*,88,*",81050,"1048.00","15720.00",77.34,100,5.16,6.67,2014-12-02
"15KG CARTON OPEN TOP",15,"VALENCIA,CL 1,*,70,*",11200,"140.00","2100.00",80,80,5.33,5.33,2014-12-02
"15KG CARTON TELESCOPIC",15,"VALENCIA,CL 2,*,72,*",12190,"151.00","2265.00",80.73,95,5.38,6.33,2014-12-02
"15KG CARTON OPEN TOP",15,"NAVEL,CL 1,*,55,*",5850,"65.00","975.00",90,90,6,6,2014-12-02
"15KG CARTON TELESCOPIC",15,"MIDKNIGHT,CL 1,*,40,*",90,"1.00","15.00",90,90,6,6,2014-12-02
"15KG CARTON TELESCOPIC",15,"MIDKNIGHT,CL 1,*,48,*",1170,"13.00","195.00",90,90,6,6,2014-12-02
"15KG CARTON TELESCOPIC",15,"MIDKNIGHT,CL 1,*,64,*",6300,"70.00","1050.00",90,90,6,6,2014-12-02
"15KG CARTON TELESCOPIC",15,"VALENCIA,CL 1,*,56,*",4770,"53.00","795.00",90,90,6,6,2014-12-02
"15KG CARTON TELESCOPIC",15,"VALENCIA,CL 2,*,40,*",6300,"70.00","1050.00",90,90,6,6,2014-12-02
"15KG CARTON TELESCOPIC",15,"VALENCIA,CL 2,*,56,*",14400,"160.00","2400.00",90,90,6,6,2014-12-02
"15KG CARTON TELESCOPIC",15,"VALENCIA,CL 2,*,64,*",8245,"91.00","1365.00",90.6,95,6.04,6.33,2014-12-02
"15KG CARTON TELESCOPIC",15,"VALENCIA,CL 2,*,48,*",1270,"14.00","210.00",90.71,95,6.05,6.33,2014-12-02
"15KG CARTON OPEN TOP",15,"NAVEL,CL 1,*,60,*",745,"8.00","120.00",93.13,95,6.21,6.33,2014-12-02
"15KG CARTON TELESCOPIC",15,"MIDKNIGHT,CL 1,*,72,*",7000,"70.00","1050.00",100,100,6.67,6.67,2014-12-02
"6KG POCKET",6,"MIDKNIGHT,CL 2,L,*,*",360,"36.00","216.00",10,10,1.67,1.67,2014-12-03
"6KG POCKET",6,"MIDKNIGHT,CL 2,M,*,*",690,"69.00","414.00",10,10,1.67,1.67,2014-12-03
"6KG POCKET",6,"VALENCIA,CL 2,L,*,*",22400,"1377.00","8262.00",16.27,24,2.71,4,2014-12-03
"2KG POCKET",2,"VALENCIA,CL 1,M,*,*",2700,"450.00","900.00",6,6,3,3,2014-12-03
"6KG POCKET",6,"VALENCIA,CL 2,S,*,*",2700,"135.00","810.00",20,20,3.33,3.33,2014-12-03
"6KG POCKET",6,"NAVEL,CL 2,L,*,*",11850,"510.00","3060.00",23.24,24,3.87,4,2014-12-03
"6KG POCKET",6,"VALENCIA,CL 2,M,*,*",14510,"597.00","3582.00",24.3,26,4.05,4.33,2014-12-03
"15KG CARTON TELESCOPIC",15,"VALENCIA,CL 2,*,105,*",41790,"643.00","9645.00",64.99,70,4.33,4.67,2014-12-03
"15KG CARTON TELESCOPIC",15,"VALENCIA,CL 1,*,125,*",13080,"201.00","3015.00",65.07,70,4.34,4.67,2014-12-03
"15KG CARTON TELESCOPIC",15,"VALENCIA,CL 2,*,125,*",694.35,"10.00","150.00",69.44,70,4.63,4.67,2014-12-03
"15KG CARTON OPEN TOP",15,"VALENCIA,CL 1,*,60,*",3850,"55.00","825.00",70,70,4.67,4.67,2014-12-03
"15KG CARTON OPEN TOP",15,"VALENCIA,CL 1,*,65,*",5950,"85.00","1275.00",70,70,4.67,4.67,2014-12-03
"15KG CARTON TELESCOPIC",15,"VALENCIA,CL 1,*,105,*",20120,"285.00","4275.00",70.6,75,4.71,5,2014-12-03
"15KG CARTON TELESCOPIC",15,"MIDKNIGHT,CL 1,*,105,*",830,"11.00","165.00",75.45,80,5.03,5.33,2014-12-03
"15KG CARTON TELESCOPIC",15,"VALENCIA,CL 2,*,88,*",18440,"242.00","3630.00",76.2,80,5.08,5.33,2014-12-03
"15KG CARTON TELESCOPIC",15,"VALENCIA,CL 1,*,48,*",5600,"70.00","1050.00",80,80,5.33,5.33,2014-12-03
"15KG CARTON OPEN TOP",15,"NAVEL,CL 1,*,55,*",5330,"65.00","975.00",82,82,5.47,5.47,2014-12-03
"15KG CARTON TELESCOPIC",15,"VALENCIA,CL 1,*,88,*",4210,"50.00","750.00",84.2,90,5.61,6,2014-12-03
"15KG CARTON OPEN TOP",15,"NAVEL,CL 1,*,60,*",37180,"436.00","6540.00",85.28,100,5.69,6.67,2014-12-03
"15KG CARTON TELESCOPIC",15,"VALENCIA,CL 1,*,72,*",4155,"48.00","720.00",86.56,90,5.77,6,2014-12-03
"15KG CARTON TELESCOPIC",15,"VALENCIA,CL 1,*,56,*",10865,"125.00","1875.00",86.92,95,5.79,6.33,2014-12-03
"15KG CARTON TELESCOPIC",15,"VALENCIA,CL 2,*,64,*",55595,"621.00","9315.00",89.52,95,5.97,6.33,2014-12-03
"15KG CARTON TELESCOPIC",15,"MIDKNIGHT,CL 1,*,40,*",90,"1.00","15.00",90,90,6,6,2014-12-03
"15KG CARTON TELESCOPIC",15,"MIDKNIGHT,CL 1,*,48,*",900,"10.00","150.00",90,90,6,6,2014-12-03
"15KG CARTON TELESCOPIC",15,"MIDKNIGHT,CL 1,*,56,*",7650,"85.00","1275.00",90,90,6,6,2014-12-03
"15KG CARTON TELESCOPIC",15,"MIDKNIGHT,CL 1,*,64,*",6300,"70.00","1050.00",90,90,6,6,2014-12-03
"15KG CARTON TELESCOPIC",15,"MIDKNIGHT,CL 1,*,88,*",6300,"70.00","1050.00",90,90,6,6,2014-12-03
"15KG CARTON TELESCOPIC",15,"VALENCIA,CL 1,*,64,*",35730,"397.00","5955.00",90,90,6,6,2014-12-03
"15KG CARTON TELESCOPIC",15,"VALENCIA,CL 2,*,48,*",9735,"108.00","1620.00",90.14,95,6.01,6.33,2014-12-03
"15KG CARTON TELESCOPIC",15,"MIDKNIGHT,CL 1,*,72,*",8000,"87.00","1305.00",91.95,100,6.13,6.67,2014-12-03
"15KG CARTON TELESCOPIC",15,"VALENCIA,CL 2,*,72,*",10075,"109.00","1635.00",92.43,95,6.16,6.33,2014-12-03
"15KG CARTON TELESCOPIC",15,"VALENCIA,CL 2,*,56,*",25010,"269.00","4035.00",92.97,95,6.2,6.33,2014-12-03
"6KG POCKET",6,"NAVEL,CL 2,L,*,*",303,"45.00","270.00",6.73,15,1.12,2.5,2014-12-06
"6KG POCKET",6,"VALENCIA,CL 2,S,*,*",335,"16.00","96.00",20.94,25,3.49,4.17,2014-12-06
"10KG JUMBLE CARTON",10,"VALENCIA,CL 2,L,*,*",800,"20.00","200.00",40,40,4,4,2014-12-06
"15KG CARTON TELESCOPIC",15,"VALENCIA,CL 2,*,56,*",540,"9.00","135.00",60,60,4,4,2014-12-06
"15KG CARTON TELESCOPIC",15,"VALENCIA,CL 2,*,72,*",5520,"92.00","1380.00",60,60,4,4,2014-12-06
"15KG CARTON TELESCOPIC",15,"VALENCIA,CL 2,*,105,*",1880,"31.00","465.00",60.65,70,4.04,4.67,2014-12-06
"6KG POCKET",6,"VALENCIA,CL 2,M,*,*",25481,"1026.00","6156.00",24.84,26,4.14,4.33,2014-12-06
"6KG POCKET",6,"VALENCIA,CL 2,L,*,*",65199,"2522.00","15132.00",25.85,28,4.31,4.67,2014-12-06
"15KG CARTON TELESCOPIC",15,"VALENCIA,CL 1,*,125,*",5355,"82.00","1230.00",65.3,90,4.35,6,2014-12-06
"15KG CARTON TELESCOPIC",15,"VALENCIA,CL 2,*,125,*",6920,"102.00","1530.00",67.84,70,4.52,4.67,2014-12-06
"15KG CARTON TELESCOPIC",15,"MIDKNIGHT,CL 1,*,105,*",5600,"80.00","1200.00",70,70,4.67,4.67,2014-12-06
"15KG CARTON TELESCOPIC",15,"VALENCIA,CL 1,*,105,*",10500,"150.00","2250.00",70,70,4.67,4.67,2014-12-06
"15KG CARTON TELESCOPIC",15,"VALENCIA,CL 1,*,88,*",24365,"317.00","4755.00",76.86,90,5.12,6,2014-12-06
"15KG CARTON TELESCOPIC",15,"VALENCIA,CL 2,*,88,*",107930,"1398.00","20970.00",77.2,90,5.15,6,2014-12-06
"15KG CARTON TELESCOPIC",15,"VALENCIA,CL 2,*,64,*",240,"3.00","45.00",80,80,5.33,5.33,2014-12-06
"15KG CARTON OPEN TOP",15,"NAVEL,CL 1,*,65,*",8920,"110.00","1650.00",81.09,90,5.41,6,2014-12-06
"15KG CARTON TELESCOPIC",15,"VALENCIA,CL 1,*,72,*",43130,"516.00","7740.00",83.59,85,5.57,5.67,2014-12-06
"15KG CARTON OPEN TOP",15,"NAVEL,CL 1,*,60,*",4980,"57.00","855.00",87.37,90,5.82,6,2014-12-06
"10KG JUMBLE CARTON",10,"VALENCIA,CL 2,M,*,*",840,"14.00","140.00",60,60,6,6,2014-12-06
"15KG CARTON TELESCOPIC",15,"CARA CARA NAVEL,CL 1,*,56,*",2700,"30.00","450.00",90,90,6,6,2014-12-06
"15KG CARTON TELESCOPIC",15,"MIDKNIGHT,CL 1,*,40,*",180,"2.00","30.00",90,90,6,6,2014-12-06
"15KG CARTON TELESCOPIC",15,"MIDKNIGHT,CL 1,*,56,*",2700,"30.00","450.00",90,90,6,6,2014-12-06
"15KG CARTON TELESCOPIC",15,"MIDKNIGHT,CL 1,*,64,*",3510,"39.00","585.00",90,90,6,6,2014-12-06
"15KG CARTON TELESCOPIC",15,"VALENCIA,CL 1,*,48,*",900,"10.00","150.00",90,90,6,6,2014-12-06
"15KG CARTON TELESCOPIC",15,"VALENCIA,CL 1,*,64,*",1800,"20.00","300.00",90,90,6,6,2014-12-06
"15KG CARTON TELESCOPIC",15,"VALENCIA,CL 1,*,56,*",995,"11.00","165.00",90.45,95,6.03,6.33,2014-12-06
"15KG CARTON TELESCOPIC",15,"MIDKNIGHT,CL 1,*,48,*",2595,"28.00","420.00",92.68,100,6.18,6.67,2014-12-06
"6KG POCKET",6,"VALENCIA,CL 2,S,*,*",105,"6.00","36.00",17.5,20,2.92,3.33,2014-12-09
"2KG POCKET",2,"VALENCIA,CL 1,M,*,*",1850,"310.00","620.00",5.97,6,2.98,3,2014-12-09
"6KG POCKET",6,"NAVEL,CL 2,L,*,*",40,"2.00","12.00",20,20,3.33,3.33,2014-12-09
"6KG POCKET",6,"VALENCIA,CL 2,M,*,*",420,"21.00","126.00",20,20,3.33,3.33,2014-12-09
"15KG CARTON TELESCOPIC",15,"VALENCIA,CL 2,*,56,*",3540,"59.00","885.00",60,60,4,4,2014-12-09
"6KG POCKET",6,"VALENCIA,CL 2,L,*,*",2688,"112.00","672.00",24,24,4,4,2014-12-09
"15KG CARTON TELESCOPIC",15,"VALENCIA,CL 2,*,105,*",4350,"67.00","1005.00",64.93,70,4.33,4.67,2014-12-09
"15KG CARTON TELESCOPIC",15,"VALENCIA,CL 2,*,88,*",10510,"158.00","2370.00",66.52,80,4.43,5.33,2014-12-09
"15KG CARTON TELESCOPIC",15,"VALENCIA,CL 1,*,105,*",32900,"470.00","7050.00",70,70,4.67,4.67,2014-12-09
"15KG CARTON TELESCOPIC",15,"VALENCIA,CL 1,*,125,*",8400,"120.00","1800.00",70,70,4.67,4.67,2014-12-09
"15KG CARTON TELESCOPIC",15,"VALENCIA,CL 2,*,72,*",49520,"675.00","10125.00",73.36,90,4.89,6,2014-12-09
"15KG CARTON TELESCOPIC",15,"MIDKNIGHT,CL 1,*,105,*",525,"7.00","105.00",75,75,5,5,2014-12-09
"15KG CARTON TELESCOPIC",15,"VALENCIA,CL 1,*,88,*",11285,"141.00","2115.00",80.04,85,5.34,5.67,2014-12-09
"15KG CARTON TELESCOPIC",15,"VALENCIA,CL 2,*,64,*",15520,"187.00","2805.00",82.99,90,5.53,6,2014-12-09
"15KG CARTON OPEN TOP",15,"NAVEL,CL 1,*,60,*",90,"1.00","15.00",90,90,6,6,2014-12-09
"15KG CARTON OPEN TOP",15,"NAVEL,CL 1,*,65,*",6210,"69.00","1035.00",90,90,6,6,2014-12-09
"15KG CARTON TELESCOPIC",15,"CARA CARA NAVEL,CL 1,*,56,*",3870,"43.00","645.00",90,90,6,6,2014-12-09
"15KG CARTON TELESCOPIC",15,"MIDKNIGHT,CL 1,*,56,*",4500,"50.00","750.00",90,90,6,6,2014-12-09
"15KG CARTON TELESCOPIC",15,"MIDKNIGHT,CL 1,*,64,*",90,"1.00","15.00",90,90,6,6,2014-12-09
"15KG CARTON TELESCOPIC",15,"VALENCIA,CL 1,*,48,*",7200,"80.00","1200.00",90,90,6,6,2014-12-09
"15KG CARTON TELESCOPIC",15,"VALENCIA,CL 1,*,56,*",16650,"185.00","2775.00",90,90,6,6,2014-12-09
"15KG CARTON TELESCOPIC",15,"VALENCIA,CL 1,*,72,*",1080,"12.00","180.00",90,90,6,6,2014-12-09
"15KG CARTON TELESCOPIC",15,"MIDKNIGHT,CL 1,*,72,*",1450,"16.00","240.00",90.63,100,6.04,6.67,2014-12-09
"15KG CARTON TELESCOPIC",15,"MIDKNIGHT,CL 1,*,48,*",1000,"10.00","150.00",100,100,6.67,6.67,2014-12-09
"6KG POCKET",6,"VALENCIA,CL 2,S,*,*",2016,"112.00","672.00",18,18,3,3,2014-12-10
"6KG POCKET",6,"NAVEL,CL 2,L,*,*",31318,"1431.00","8586.00",21.89,28,3.65,4.67,2014-12-10
"6KG POCKET",6,"VALENCIA,CL 2,M,*,*",11948,"468.00","2808.00",25.53,26,4.25,4.33,2014-12-10
"15KG CARTON TELESCOPIC",15,"VALENCIA,CL 2,*,125,*",5560,"81.00","1215.00",68.64,70,4.58,4.67,2014-12-10
"15KG CARTON TELESCOPIC",15,"VALENCIA,CL 2,*,105,*",7910,"113.00","1695.00",70,70,4.67,4.67,2014-12-10
"15KG CARTON TELESCOPIC",15,"VALENCIA,CL 1,*,105,*",40472,"575.00","8625.00",70.39,88,4.69,5.87,2014-12-10
"15KG CARTON TELESCOPIC",15,"VALENCIA,CL 1,*,88,*",98838,"1289.00","19335.00",76.68,90,5.11,6,2014-12-10
"15KG CARTON TELESCOPIC",15,"VALENCIA,CL 2,*,88,*",33650,"430.00","6450.00",78.26,80,5.22,5.33,2014-12-10
"15KG CARTON TELESCOPIC",15,"VALENCIA,CL 2,*,72,*",17600,"223.00","3345.00",78.92,95,5.26,6.33,2014-12-10
"15KG CARTON TELESCOPIC",15,"CARA CARA NAVEL,CL 1,*,105,*",160,"2.00","30.00",80,80,5.33,5.33,2014-12-10
"2KG POCKET",2,"VALENCIA,CL 1,M,*,*",2040,"180.00","360.00",11.33,55,5.67,27.5,2014-12-10
"15KG CARTON TELESCOPIC",15,"VALENCIA,CL 1,*,72,*",1380,"16.00","240.00",86.25,100,5.75,6.67,2014-12-10
"15KG CARTON TELESCOPIC",15,"MIDKNIGHT,CL 1,*,72,*",2050,"23.00","345.00",89.13,100,5.94,6.67,2014-12-10
"15KG CARTON TELESCOPIC",15,"DELTA SEEDLESS,CL 1,*,64,*",90,"1.00","15.00",90,90,6,6,2014-12-10
"15KG CARTON TELESCOPIC",15,"MIDKNIGHT,CL 1,*,40,*",12600,"140.00","2100.00",90,90,6,6,2014-12-10
"15KG CARTON TELESCOPIC",15,"MIDKNIGHT,CL 1,*,48,*",12870,"143.00","2145.00",90,90,6,6,2014-12-10
"15KG CARTON TELESCOPIC",15,"MIDKNIGHT,CL 1,*,56,*",6210,"69.00","1035.00",90,90,6,6,2014-12-10
"15KG CARTON TELESCOPIC",15,"MIDKNIGHT,CL 1,*,64,*",11160,"124.00","1860.00",90,90,6,6,2014-12-10
"15KG CARTON TELESCOPIC",15,"VALENCIA,CL 1,*,64,*",14400,"160.00","2400.00",90,90,6,6,2014-12-10
"15KG CARTON TELESCOPIC",15,"VALENCIA,CL 2,*,64,*",3960,"44.00","660.00",90,90,6,6,2014-12-10
"15KG CARTON TELESCOPIC",15,"VALENCIA,CL 2,*,48,*",28250,"310.00","4650.00",91.13,95,6.08,6.33,2014-12-10
"15KG CARTON TELESCOPIC",15,"VALENCIA,CL 1,*,48,*",13850,"150.00","2250.00",92.33,95,6.16,6.33,2014-12-10
"15KG CARTON TELESCOPIC",15,"VALENCIA,CL 2,*,56,*",8400,"90.00","1350.00",93.33,95,6.22,6.33,2014-12-10
"15KG CARTON TELESCOPIC",15,"VALENCIA,CL 1,*,56,*",190,"2.00","30.00",95,95,6.33,6.33,2014-12-10
"15KG CARTON TELESCOPIC",15,"VALENCIA,CL 1,*,125,*",200,"2.00","30.00",100,100,6.67,6.67,2014-12-10
"1.5KG POCKET",1.5,"NAVEL,CL 1,L,*,*",5120,"64.00","96.00",80,80,53.33,53.33,2014-12-10
"6KG POCKET",6,"VALENCIA,CL 2,S,*,*",2016,"112.00","672.00",18,18,3,3,2014-12-11
"6KG POCKET",6,"NAVEL,CL 2,L,*,*",31318,"1431.00","8586.00",21.89,28,3.65,4.67,2014-12-11
"6KG POCKET",6,"VALENCIA,CL 2,M,*,*",11948,"468.00","2808.00",25.53,26,4.25,4.33,2014-12-11
"15KG CARTON TELESCOPIC",15,"VALENCIA,CL 2,*,125,*",5560,"81.00","1215.00",68.64,70,4.58,4.67,2014-12-11
"15KG CARTON TELESCOPIC",15,"VALENCIA,CL 2,*,105,*",7910,"113.00","1695.00",70,70,4.67,4.67,2014-12-11
"15KG CARTON TELESCOPIC",15,"VALENCIA,CL 1,*,105,*",40472,"575.00","8625.00",70.39,88,4.69,5.87,2014-12-11
"15KG CARTON TELESCOPIC",15,"VALENCIA,CL 1,*,88,*",98838,"1289.00","19335.00",76.68,90,5.11,6,2014-12-11
"15KG CARTON TELESCOPIC",15,"VALENCIA,CL 2,*,88,*",33650,"430.00","6450.00",78.26,80,5.22,5.33,2014-12-11
"15KG CARTON TELESCOPIC",15,"VALENCIA,CL 2,*,72,*",17600,"223.00","3345.00",78.92,95,5.26,6.33,2014-12-11
"15KG CARTON TELESCOPIC",15,"CARA CARA NAVEL,CL 1,*,105,*",160,"2.00","30.00",80,80,5.33,5.33,2014-12-11
"2KG POCKET",2,"VALENCIA,CL 1,M,*,*",2040,"180.00","360.00",11.33,55,5.67,27.5,2014-12-11
"15KG CARTON TELESCOPIC",15,"VALENCIA,CL 1,*,72,*",1380,"16.00","240.00",86.25,100,5.75,6.67,2014-12-11
"15KG CARTON TELESCOPIC",15,"MIDKNIGHT,CL 1,*,72,*",2050,"23.00","345.00",89.13,100,5.94,6.67,2014-12-11
"15KG CARTON TELESCOPIC",15,"DELTA SEEDLESS,CL 1,*,64,*",90,"1.00","15.00",90,90,6,6,2014-12-11
"15KG CARTON TELESCOPIC",15,"MIDKNIGHT,CL 1,*,40,*",12600,"140.00","2100.00",90,90,6,6,2014-12-11
"15KG CARTON TELESCOPIC",15,"MIDKNIGHT,CL 1,*,48,*",12870,"143.00","2145.00",90,90,6,6,2014-12-11
"15KG CARTON TELESCOPIC",15,"MIDKNIGHT,CL 1,*,56,*",6210,"69.00","1035.00",90,90,6,6,2014-12-11
"15KG CARTON TELESCOPIC",15,"MIDKNIGHT,CL 1,*,64,*",11160,"124.00","1860.00",90,90,6,6,2014-12-11
"15KG CARTON TELESCOPIC",15,"VALENCIA,CL 1,*,64,*",14400,"160.00","2400.00",90,90,6,6,2014-12-11
"15KG CARTON TELESCOPIC",15,"VALENCIA,CL 2,*,64,*",3960,"44.00","660.00",90,90,6,6,2014-12-11
"15KG CARTON TELESCOPIC",15,"VALENCIA,CL 2,*,48,*",28250,"310.00","4650.00",91.13,95,6.08,6.33,2014-12-11
"15KG CARTON TELESCOPIC",15,"VALENCIA,CL 1,*,48,*",13850,"150.00","2250.00",92.33,95,6.16,6.33,2014-12-11
"15KG CARTON TELESCOPIC",15,"VALENCIA,CL 2,*,56,*",8400,"90.00","1350.00",93.33,95,6.22,6.33,2014-12-11
"15KG CARTON TELESCOPIC",15,"VALENCIA,CL 1,*,56,*",190,"2.00","30.00",95,95,6.33,6.33,2014-12-11
"15KG CARTON TELESCOPIC",15,"VALENCIA,CL 1,*,125,*",200,"2.00","30.00",100,100,6.67,6.67,2014-12-11
"1.5KG POCKET",1.5,"NAVEL,CL 1,L,*,*",5120,"64.00","96.00",80,80,53.33,53.33,2014-12-11
"10KG CARTON TELESCOPIC",10,"VALENCIA,CL 2,S,*,*",1860,"93.00","930.00",20,20,2,2,2014-12-13
"6KG POCKET",6,"VALENCIA,CL 2,S,*,*",2184,"147.00","882.00",14.86,18,2.48,3,2014-12-13
"2KG POCKET",2,"VALENCIA,CL 1,M,*,*",1510,"272.00","544.00",5.55,6,2.78,3,2014-12-13
"6KG POCKET",6,"VALENCIA,CL 2,M,*,*",11440,"440.00","2640.00",26,26,4.33,4.33,2014-12-13
"15KG CARTON TELESCOPIC",15,"VALENCIA,CL 1,*,105,*",4900,"70.00","1050.00",70,70,4.67,4.67,2014-12-13
"15KG CARTON TELESCOPIC",15,"VALENCIA,CL 2,*,105,*",24640,"352.00","5280.00",70,70,4.67,4.67,2014-12-13
"15KG CARTON TELESCOPIC",15,"MIDKNIGHT,CL 1,*,88,*",225,"3.00","45.00",75,75,5,5,2014-12-13
"15KG CARTON TELESCOPIC",15,"VALENCIA,CL 2,*,88,*",29820,"373.00","5595.00",79.95,90,5.33,6,2014-12-13
"15KG CARTON TELESCOPIC",15,"VALENCIA,CL 1,*,88,*",16810,"197.00","2955.00",85.33,90,5.69,6,2014-12-13
"15KG CARTON TELESCOPIC",15,"VALENCIA,CL 2,*,64,*",430,"5.00","75.00",86,90,5.73,6,2014-12-13
"15KG CARTON TELESCOPIC",15,"VALENCIA,CL 2,*,72,*",24570,"276.00","4140.00",89.02,90,5.93,6,2014-12-13
"15KG CARTON TELESCOPIC",15,"MIDKNIGHT,CL 1,*,40,*",630,"7.00","105.00",90,90,6,6,2014-12-13
"15KG CARTON TELESCOPIC",15,"MIDKNIGHT,CL 1,*,48,*",1170,"13.00","195.00",90,90,6,6,2014-12-13
"15KG CARTON TELESCOPIC",15,"MIDKNIGHT,CL 1,*,64,*",270,"3.00","45.00",90,90,6,6,2014-12-13
"15KG CARTON TELESCOPIC",15,"VALENCIA,CL 2,*,56,*",900,"10.00","150.00",90,90,6,6,2014-12-13
"15KG CARTON TELESCOPIC",15,"MIDKNIGHT,CL 1,*,72,*",1180,"13.00","195.00",90.77,100,6.05,6.67,2014-12-13
"15KG CARTON TELESCOPIC",15,"VALENCIA,CL 1,*,72,*",16640,"181.00","2715.00",91.93,95,6.13,6.33,2014-12-13
"15KG CARTON OPEN TOP",15,"VALENCIA,CL 1,*,65,*",8800,"88.00","1320.00",100,100,6.67,6.67,2014-12-13
"330KG BULK BIN",330,"VALENCIA,CL 1,*,*,*",800,"2.00","660.00",400,400,1.21,1.21,2014-12-20
"6KG POCKET",6,"NAVEL,CL 2,L,*,*",300,"16.00","96.00",18.75,24,3.13,4,2014-12-20
"15KG CARTON TELESCOPIC",15,"MIDKNIGHT,CL 1,*,64,*",1450,"24.00","360.00",60.42,80,4.03,5.33,2014-12-20
"6KG POCKET",6,"VALENCIA,CL 2,M,*,*",19812,"757.00","4542.00",26.17,28,4.36,4.67,2014-12-20
"15KG CARTON TELESCOPIC",15,"VALENCIA,CL 2,*,72,*",12500,"180.00","2700.00",69.44,80,4.63,5.33,2014-12-20
"15KG CARTON TELESCOPIC",15,"VALENCIA,CL 2,*,105,*",10500,"150.00","2250.00",70,70,4.67,4.67,2014-12-20
"15KG CARTON TELESCOPIC",15,"VALENCIA,CL 2,*,125,*",140,"2.00","30.00",70,70,4.67,4.67,2014-12-20
"15KG CARTON TELESCOPIC",15,"MIDKNIGHT,CL 1,*,48,*",1100,"15.00","225.00",73.33,80,4.89,5.33,2014-12-20
"15KG CARTON TELESCOPIC",15,"VALENCIA,CL 2,*,88,*",27240,"358.00","5370.00",76.09,80,5.07,5.33,2014-12-20
"15KG CARTON TELESCOPIC",15,"VALENCIA,CL 1,*,88,*",29580,"379.00","5685.00",78.05,95,5.2,6.33,2014-12-20
"15KG CARTON TELESCOPIC",15,"VALENCIA,CL 2,*,64,*",2190,"27.00","405.00",81.11,90,5.41,6,2014-12-20
"2KG POCKET",2,"VALENCIA,CL 1,M,*,*",4496,"408.00","816.00",11.02,12,5.51,6,2014-12-20
"15KG CARTON TELESCOPIC",15,"VALENCIA,CL 2,*,56,*",940,"11.00","165.00",85.45,90,5.7,6,2014-12-20
"15KG CARTON TELESCOPIC",15,"MIDKNIGHT,CL 1,*,56,*",1730,"19.00","285.00",91.05,100,6.07,6.67,2014-12-20
"15KG CARTON TELESCOPIC",15,"VALENCIA,CL 1,*,72,*",1880,"20.00","300.00",94,95,6.27,6.33,2014-12-20
"15KG CARTON OPEN TOP",15,"VALENCIA,CL 1,*,65,*",15500,"155.00","2325.00",100,100,6.67,6.67,2014-12-20
"15KG CARTON TELESCOPIC",15,"MIDKNIGHT,CL 1,*,88,*",300,"3.00","45.00",100,100,6.67,6.67,2014-12-20
"15KG CARTON TELESCOPIC",15,"VALENCIA,CL 1,*,48,*",440,"4.00","60.00",110,110,7.33,7.33,2014-12-20
"15KG CARTON TELESCOPIC",15,"MIDKNIGHT,CL 1,*,48,*",80,"2.00","30.00",40,40,2.67,2.67,2014-12-24
"15KG CARTON TELESCOPIC",15,"VALENCIA,CL 1,*,48,*",4150,"83.00","1245.00",50,50,3.33,3.33,2014-12-24
"10KG JUMBLE CARTON",10,"VALENCIA,CL 2,M,*,*",40,"1.00","10.00",40,40,4,4,2014-12-24
"15KG CARTON TELESCOPIC",15,"MIDKNIGHT,CL 1,*,88,*",660,"11.00","165.00",60,60,4,4,2014-12-24
"15KG CARTON TELESCOPIC",15,"MIDKNIGHT,CL 1,*,105,*",4240,"70.00","1050.00",60.57,80,4.04,5.33,2014-12-24
"6KG POCKET",6,"VALENCIA,CL 2,M,*,*",36427,"1412.00","8472.00",25.8,26,4.3,4.33,2014-12-24
"15KG CARTON TELESCOPIC",15,"VALENCIA,CL 2,*,48,*",9800,"140.00","2100.00",70,70,4.67,4.67,2014-12-24
"2KG POCKET",2,"VALENCIA,CL 1,M,*,*",5200,"520.00","1040.00",10,10,5,5,2014-12-24
"15KG CARTON TELESCOPIC",15,"VALENCIA,CL 2,*,56,*",1090,"14.00","210.00",77.86,80,5.19,5.33,2014-12-24
"15KG CARTON TELESCOPIC",15,"VALENCIA,CL 2,*,72,*",5900,"75.00","1125.00",78.67,80,5.24,5.33,2014-12-24
"15KG CARTON TELESCOPIC",15,"VALENCIA,CL 2,*,88,*",400,"5.00","75.00",80,80,5.33,5.33,2014-12-24
"15KG CARTON TELESCOPIC",15,"VALENCIA,CL 2,*,64,*",13600,"160.00","2400.00",85,85,5.67,5.67,2014-12-24
"10KG JUMBLE CARTON",10,"VALENCIA,CL 2,S,*,*",5280,"88.00","880.00",60,60,6,6,2014-12-24
"15KG CARTON TELESCOPIC",15,"VALENCIA,CL 1,*,88,*",13140,"146.00","2190.00",90,90,6,6,2014-12-24
"15KG CARTON TELESCOPIC",15,"VALENCIA,CL 1,*,105,*",7000,"77.00","1155.00",90.91,100,6.06,6.67,2014-12-24
"15KG CARTON TELESCOPIC",15,"VALENCIA,CL 1,*,56,*",7300,"73.00","1095.00",100,100,6.67,6.67,2014-12-24
"6KG POCKET",6,"NAVEL,CL 2,M,*,*",2455,"136.00","816.00",18.05,20,3.01,3.33,2014-12-30
"6KG POCKET",6,"VALENCIA,CL 2,M,*,*",4472,"178.00","1068.00",25.12,26,4.19,4.33,2014-12-30
"15KG CARTON TELESCOPIC",15,"VALENCIA,CL 1,*,88,*",29830,"392.00","5880.00",76.1,90,5.07,6,2014-12-30
"15KG CARTON TELESCOPIC",15,"VALENCIA,CL 2,*,88,*",129600,"1680.00","25200.00",77.14,90,5.14,6,2014-12-30
"15KG CARTON OPEN TOP",15,"VALENCIA,CL 1,*,105,*",6200,"75.00","1125.00",82.67,100,5.51,6.67,2014-12-30
"15KG CARTON TELESCOPIC",15,"VALENCIA,CL 1,*,125,*",580,"7.00","105.00",82.86,100,5.52,6.67,2014-12-30
"15KG CARTON TELESCOPIC",15,"MIDKNIGHT,CL 1,*,88,*",6050,"70.00","1050.00",86.43,90,5.76,6,2014-12-30
"15KG CARTON TELESCOPIC",15,"VALENCIA,CL 2,*,56,*",530,"6.00","90.00",88.33,90,5.89,6,2014-12-30
"15KG CARTON TELESCOPIC",15,"VALENCIA,CL 2,*,72,*",42320,"478.00","7170.00",88.54,90,5.9,6,2014-12-30
"15KG CARTON TELESCOPIC",15,"VALENCIA,CL 2,*,48,*",45300,"510.00","7650.00",88.82,90,5.92,6,2014-12-30
"15KG CARTON TELESCOPIC",15,"VALENCIA,CL 1,*,64,*",12600,"140.00","2100.00",90,90,6,6,2014-12-30
"15KG CARTON TELESCOPIC",15,"VALENCIA,CL 2,*,64,*",50400,"560.00","8400.00",90,90,6,6,2014-12-30
"15KG CARTON OPEN TOP",15,"VALENCIA,CL 1,*,65,*",800,"8.00","120.00",100,100,6.67,6.67,2014-12-30
"10KG JUMBLE CARTON",10,"VALENCIA,CL 2,M,*,*",140,"2.00","20.00",70,70,7,7,2014-12-30
"15KG CARTON TELESCOPIC",15,"VALENCIA,CL 1,*,48,*",110,"1.00","15.00",110,110,7.33,7.33,2014-12-30
"15KG CARTON TELESCOPIC",15,"VALENCIA,CL 1,*,40,*",920,"8.00","120.00",115,140,7.67,9.33,2014-12-30
"1.5KG POCKET",1.5,"NAVEL,CL 1,L,*,*",1960,"28.00","42.00",70,70,46.67,46.67,2014-12-30
"6KG POCKET",6,"NAVEL,CL 2,M,*,*",520,"38.00","228.00",13.68,15,2.28,2.5,2015-01-05
"15KG CARTON TELESCOPIC",15,"VALENCIA,CL 2,*,72,*",7240,"101.00","1515.00",71.68,90,4.78,6,2015-01-05
"15KG CARTON TELESCOPIC",15,"VALENCIA,CL 2,*,64,*",2894,"39.00","585.00",74.21,90,4.95,6,2015-01-05
"15KG CARTON TELESCOPIC",15,"VALENCIA,CL 1,*,105,*",6400,"80.00","1200.00",80,80,5.33,5.33,2015-01-05
"15KG CARTON TELESCOPIC",15,"VALENCIA,CL 1,*,88,*",25600,"320.00","4800.00",80,80,5.33,5.33,2015-01-05
"15KG CARTON TELESCOPIC",15,"VALENCIA,CL 2,*,88,*",18400,"230.00","3450.00",80,80,5.33,5.33,2015-01-05
"15KG CARTON TELESCOPIC",15,"MIDKNIGHT,CL 1,*,88,*",2700,"30.00","450.00",90,90,6,6,2015-01-05
"15KG CARTON OPEN TOP",15,"VALENCIA,CL 1,*,65,*",11100,"120.00","1800.00",92.5,100,6.17,6.67,2015-01-05
"15KG CARTON TELESCOPIC",15,"VALENCIA,CL 1,*,72,*",18000,"190.00","2850.00",94.74,120,6.32,8,2015-01-05
"15KG CARTON TELESCOPIC",15,"VALENCIA,CL 1,*,64,*",770,"7.00","105.00",110,110,7.33,7.33,2015-01-05
